ID,field,slk,index,repeat,data,category,displayName,sort,type,changeFlags,importType,stringExt,caseSens,canBeEmpty,minVal,maxVal,forceNonNeg,useUnit,useHero,useItem,useCreep,useSpecific,notSpecific,version,section
anam,Name,Profile,0,0,0,text,WESTRING_AEVAL_ANAM,c1a00,string,t,,1,1,0,,TTName,0,1,1,1,1,,,1,
ansf,EditorSuffix,Profile,0,0,0,text,WESTRING_AEVAL_ANSF,c1a01,string,t,,1,1,1,,50,0,1,1,1,1,,,1,
aher,hero,AbilityData,0,0,0,stats,WESTRING_AEVAL_AHER,c1a01,bool,c,,0,0,0,,,0,1,1,1,1,,,1,
aite,item,AbilityData,0,0,0,stats,WESTRING_AEVAL_AITE,c1a01,bool,c,,0,0,0,,,0,1,1,1,1,,,1,
arac,race,AbilityData,0,0,0,stats,WESTRING_AEVAL_ARAC,c1a02,unitRace,c,,0,0,0,,,0,1,1,1,1,,,1,
abpx,Buttonpos,Profile,0,0,0,art,WESTRING_AEVAL_ABPX,c2a00,int,,,0,0,0,0,3,0,1,1,1,1,,,1,
abpy,Buttonpos,Profile,1,0,0,art,WESTRING_AEVAL_ABPY,c2a01,int,,,0,0,0,0,2,0,1,1,1,1,,,1,
aubx,UnButtonpos,Profile,0,0,0,art,WESTRING_AEVAL_AUBX,c2a02,int,,,0,0,0,0,3,0,1,1,1,1,,,1,
auby,UnButtonpos,Profile,1,0,0,art,WESTRING_AEVAL_AUBY,c2a03,int,,,0,0,0,0,2,0,1,1,1,1,,,1,
arpx,Researchbuttonpos,Profile,0,0,0,art,WESTRING_AEVAL_ARPX,c2a04,int,,,0,0,0,0,3,0,0,1,0,1,,,1,
arpy,Researchbuttonpos,Profile,1,0,0,art,WESTRING_AEVAL_ARPY,c2a05,int,,,0,0,0,0,2,0,0,1,0,1,,,1,
aart,Art,Profile,0,0,0,art,WESTRING_AEVAL_AART,c3a00,icon,i,Image,0,1,1,,,0,1,1,1,1,,,1,
auar,Unart,Profile,0,0,0,art,WESTRING_AEVAL_AUAR,c3a01,icon,,Image,0,1,1,,,0,1,1,1,1,,,1,
arar,ResearchArt,Profile,0,0,0,art,WESTRING_AEVAL_ARAR,c3a02,icon,i,Image,0,1,1,,,0,0,1,0,1,,,1,
acat,CasterArt,Profile,-1,0,0,art,WESTRING_AEVAL_ACAT,c4a00,modelList,,,0,1,1,,,0,1,1,1,1,,,1,
atat,TargetArt,Profile,-1,0,0,art,WESTRING_AEVAL_ATAT,c5a00,modelList,,,0,1,1,,,0,1,1,1,1,,,1,
asat,SpecialArt,Profile,-1,0,0,art,WESTRING_AEVAL_ASAT,c6a00,modelList,,,0,1,1,,,0,1,1,1,1,,,1,
aeat,EffectArt,Profile,-1,0,0,art,WESTRING_AEVAL_AEAT,c7a00,modelList,,,0,1,1,,,0,1,1,1,1,,,1,
aaea,Areaeffectart,Profile,-1,0,0,art,WESTRING_AEVAL_AAEA,c7a01,modelList,,,0,1,1,,,0,1,1,1,1,,,1,
alig,LightningEffect,Profile,-1,0,0,art,WESTRING_AEVAL_ALIG,,lightningList,,,0,1,1,,3,0,1,1,1,1,,,1,
amat,Missileart,Profile,-1,0,0,art,WESTRING_AEVAL_AMAT,c8a00,modelList,,,0,1,1,,,0,1,1,1,1,,,1,
amsp,Missilespeed,Profile,0,0,0,art,WESTRING_AEVAL_AMSP,c8a01,int,,,0,0,0,0,10000,0,1,1,1,1,,,1,
amac,Missilearc,Profile,0,0,0,art,WESTRING_AEVAL_AMAC,c8a02,unreal,,,0,0,0,0,1,0,1,1,1,1,,,1,
amho,MissileHoming,Profile,0,0,0,art,WESTRING_AEVAL_AMHO,c8a03,bool,,,0,0,0,,,0,1,1,1,1,,,1,
atac,Targetattachcount,Profile,0,0,0,art,WESTRING_AEVAL_ATAC,c9a00,int,,,0,0,0,0,6,0,1,1,1,1,,,1,
ata0,Targetattach,Profile,-1,0,0,art,WESTRING_AEVAL_ATA0,c9a000,stringList,,,0,1,0,,32,0,1,1,1,1,,,1,
ata1,Targetattach1,Profile,-1,0,0,art,WESTRING_AEVAL_ATA1,c9a001,stringList,,,0,1,0,,32,0,1,1,1,1,,,1,
ata2,Targetattach2,Profile,-1,0,0,art,WESTRING_AEVAL_ATA2,c9a002,stringList,,,0,1,0,,32,0,1,1,1,1,,,1,
ata3,Targetattach3,Profile,-1,0,0,art,WESTRING_AEVAL_ATA3,c9a003,stringList,,,0,1,0,,32,0,1,1,1,1,,,1,
ata4,Targetattach4,Profile,-1,0,0,art,WESTRING_AEVAL_ATA4,c9a004,stringList,,,0,1,0,,32,0,1,1,1,1,,,1,
ata5,Targetattach5,Profile,-1,0,0,art,WESTRING_AEVAL_ATA5,c9a005,stringList,,,0,1,0,,32,0,1,1,1,1,,,1,
acac,Casterattachcount,Profile,0,0,0,art,WESTRING_AEVAL_ACAC,c9a00,int,,,0,0,0,0,2,0,1,1,1,1,,,1,
acap,Casterattach,Profile,-1,0,0,art,WESTRING_AEVAL_ACAP,c9b00,stringList,,,0,1,0,,32,0,1,1,1,1,,,1,
aca1,Casterattach1,Profile,-1,0,0,art,WESTRING_AEVAL_ACA1,c9b00,stringList,,,0,1,0,,32,0,1,1,1,1,,,1,
aspt,Specialattach,Profile,-1,0,0,art,WESTRING_AEVAL_ASPT,c9b01,stringList,,,0,1,0,,32,0,1,1,1,1,,,1,
aani,Animnames,Profile,-1,0,0,art,WESTRING_AEVAL_AANI,,stringList,,,0,0,1,,,0,1,1,1,1,,,1,
atp1,Tip,Profile,0,3,0,text,WESTRING_AEVAL_ATP1,y0a01,string,t,,1,1,1,,TTDesc,0,1,1,0,1,,,1,
aut1,Untip,Profile,0,3,0,text,WESTRING_AEVAL_AUT1,y0b01,string,t,,1,1,1,,TTDesc,0,1,1,0,1,,,1,
aub1,Ubertip,Profile,0,3,0,text,WESTRING_AEVAL_AUB1,y0c01,string,t,,1,1,1,,TTUber,0,1,1,0,1,,,1,
auu1,Unubertip,Profile,0,3,0,text,WESTRING_AEVAL_AUU1,y0d01,string,t,,1,1,1,,TTUber,0,1,1,0,1,,,1,
aret,Researchtip,Profile,0,0,0,text,WESTRING_AEVAL_ARET,d0a00,string,t,,1,1,1,,TTDesc,0,0,1,0,1,,,1,
arut,Researchubertip,Profile,0,0,0,text,WESTRING_AEVAL_ARUT,d0a01,string,t,,1,1,1,,TTUber,0,0,1,0,1,,,1,
arhk,Researchhotkey,Profile,0,0,0,text,WESTRING_AEVAL_ARHK,d0a02,char,,,1,1,1,,,0,0,1,0,1,,,1,
ahky,Hotkey,Profile,0,0,0,text,WESTRING_AEVAL_AHKY,e0a00,char,,,1,1,1,,,0,1,1,1,1,,,1,
auhk,Unhotkey,Profile,0,0,0,text,WESTRING_AEVAL_AUHK,e0a01,char,,,1,1,1,,,0,1,1,1,1,,,1,
areq,Requires,Profile,-1,0,0,tech,WESTRING_AEVAL_AREQ,e0b01,techList,,,0,1,1,,,0,1,1,1,1,,,1,
arqa,Requiresamount,Profile,-1,0,0,tech,WESTRING_AEVAL_ARQA,e0b02,intList,,,0,0,1,,100,0,1,1,1,1,,,1,
achd,checkDep,AbilityData,-1,0,0,tech,WESTRING_AEVAL_ACHD,e2b00,bool,,,0,0,0,,,0,1,1,1,1,,,1,
apri,priority,AbilityData,-1,0,0,stats,WESTRING_AEVAL_APRI,e2b01,int,,,0,0,0,0,100,0,1,1,1,1,,,1,
aord,Order,Profile,-1,0,0,text,WESTRING_AEVAL_AORD,e3b00,orderString,,,0,1,1,,32,0,1,1,1,1,,,1,
aoru,Unorder,Profile,-1,0,0,text,WESTRING_AEVAL_AORU,e3b01,orderString,,,0,1,1,,32,0,1,1,1,1,,,1,
aoro,Orderon,Profile,-1,0,0,text,WESTRING_AEVAL_AORO,e3b02,orderString,,,0,1,1,,32,0,1,1,1,1,,,1,
aorf,Orderoff,Profile,-1,0,0,text,WESTRING_AEVAL_AORF,e3b03,orderString,,,0,1,1,,32,0,1,1,1,1,,,1,
aefs,Effectsound,Profile,-1,0,0,sound,WESTRING_AEVAL_AEFS,e4b00,soundLabel,,,0,1,1,,,0,1,1,1,1,,,1,
aefl,Effectsoundlooped,Profile,-1,0,0,sound,WESTRING_AEVAL_AEFL,e4b01,soundLabel,,,0,1,1,,,0,1,1,1,1,,,1,
alev,levels,AbilityData,-1,0,0,stats,WESTRING_AEVAL_ALEV,f0a10,int,s,,0,1,0,1,100,0,1,1,1,1,,,1,
arlv,reqLevel,AbilityData,-1,0,0,stats,WESTRING_AEVAL_ARLV,f0a01,int,s,,0,1,0,1,10000,0,0,1,0,1,,,1,
alsk,levelSkip,AbilityData,-1,0,0,stats,WESTRING_AEVAL_ALSK,f0a01a,int,s,,0,1,0,0,10000,0,0,1,0,1,,,1,
atar,targs,AbilityData,-1,4,0,stats,WESTRING_AEVAL_ATAR,f0a02,targetList,,,0,1,0,,,0,1,1,1,1,,,1,
acas,Cast,AbilityData,-1,4,0,stats,WESTRING_AEVAL_ACAS,g0a00,unreal,,,0,1,0,0,3600,1,1,1,1,1,,"Arpb,Arpl,Arpm,ANpa",1,
adur,Dur,AbilityData,-1,4,0,stats,WESTRING_AEVAL_ADUR,g0a01,unreal,,,0,1,0,0,3600,1,1,1,1,1,,,1,
ahdu,HeroDur,AbilityData,-1,4,0,stats,WESTRING_AEVAL_AHDU,g0a02,unreal,,,0,1,0,0,3600,1,1,1,1,1,,,1,
acdn,Cool,AbilityData,-1,4,0,stats,WESTRING_AEVAL_ACDN,g0a03,unreal,,,0,1,0,0,3600,1,1,1,1,1,,,1,
amcs,Cost,AbilityData,-1,4,0,stats,WESTRING_AEVAL_AMCS,g0a04,int,,,0,1,0,0,1000,0,1,1,1,1,,,1,
aare,Area,AbilityData,-1,4,0,stats,WESTRING_AEVAL_AARE,g0a05,unreal,,,0,1,0,0,99999,1,1,1,1,1,,,1,
aran,Rng,AbilityData,-1,4,0,stats,WESTRING_AEVAL_ARAN,g0a06,unreal,,,0,1,0,0,99999,1,1,1,1,1,,,1,
abuf,BuffID,AbilityData,-1,4,0,stats,WESTRING_AEVAL_ABUF,g0a07,buffList,,,0,1,1,,,0,1,1,1,1,,,1,
aeff,EfctID,AbilityData,-1,4,0,stats,WESTRING_AEVAL_AEFF,g0a07,effectList,,,0,1,1,,,0,1,1,1,1,,,1,
Hbz1,Data,AbilityData,-1,4,1,data,WESTRING_AEVAL_HBZ1,x0a000,int,,,0,1,0,1,99999,0,1,1,1,1,"AHbz,ACbz,ANrf,ACrf",,1,
Hbz2,Data,AbilityData,-1,4,2,data,WESTRING_AEVAL_HBZ2,x0a001,unreal,,,0,1,0,1,99999,0,1,1,1,1,"AHbz,ACbz,ANrf,ACrf",,1,
Hbz3,Data,AbilityData,-1,4,3,data,WESTRING_AEVAL_HBZ3,x0a002,int,,,0,1,0,1,99999,0,1,1,1,1,"AHbz,ACbz,ANrf,ACrf",,1,
Hbz4,Data,AbilityData,-1,4,4,data,WESTRING_AEVAL_HBZ4,x0a003,unreal,,,0,1,0,0,1,0,1,1,1,1,"AHbz,ACbz,ANrf,ACrf",,1,
Hbz5,Data,AbilityData,-1,4,5,data,WESTRING_AEVAL_HBZ5,x0a004,unreal,,,0,1,0,0,99999,0,1,1,1,1,"AHbz,ACbz,ANrf,ACrf",,1,
Hbz6,Data,AbilityData,-1,4,6,data,WESTRING_AEVAL_HBZ6,x0a004,unreal,,,0,1,0,0,99999,0,1,1,1,1,"AHbz,ACbz,ANrf,ACrf",,1,
Hab1,Data,AbilityData,-1,4,1,data,WESTRING_AEVAL_HAB1,x0a000,unreal,,,0,1,0,0,99999,0,1,1,1,1,"AHab,ACba,AIba",,1,
Hab2,Data,AbilityData,-1,4,2,data,WESTRING_AEVAL_HAB2,x0a001,bool,,,0,1,0,0,1,0,1,1,1,1,"AHab,ACba,AIba",,1,
Hmt1,Data,AbilityData,-1,4,1,data,WESTRING_AEVAL_HMT1,x0a000,int,,,0,1,0,1,999,0,1,1,1,1,"AHmt,AImt",,1,
Hmt2,Data,AbilityData,-1,4,2,data,WESTRING_AEVAL_HMT2,x0a001,unreal,,,0,1,0,"0,001",300,0,1,1,1,1,"AHmt,AImt",,1,
Hmt3,Data,AbilityData,-1,4,3,data,WESTRING_AEVAL_HMT3,x0a003,bool,,,0,0,0,,,0,1,1,1,1,"AHmt,AImt,AUds",,1,
Hwe1,UnitID,AbilityData,-1,4,0,data,WESTRING_AEVAL_HWE1,x0a000,unitCode,,,0,1,0,,,0,1,1,1,1,"AHwe,AEst,ANsg,ANsq,ANsw,ANwm,AOsw,AOwd,Anwm,ACwe,AHpx,ACtn,ANlm",,1,
Hwe2,Data,AbilityData,-1,4,1,data,WESTRING_AEVAL_HWE2,x0a001,int,,,0,0,0,1,24,0,1,1,1,1,"AHwe,AEst,ANsg,ANsq,ANsw,ANwm,AOsw,AOwd,Anwm,ACwe,AHpx,ACtn,ANlm",,1,
Oww1,Data,AbilityData,-1,4,1,data,WESTRING_AEVAL_OWW1,x0a000,unreal,,,0,1,0,0,99999,0,1,1,1,1,AOww,,1,
Oww2,Data,AbilityData,-1,4,2,data,WESTRING_AEVAL_OWW2,x0a001,unreal,,,0,0,0,0,99999,0,1,1,1,1,AOww,,1,
Ocr1,Data,AbilityData,-1,4,1,data,WESTRING_AEVAL_OCR1,x0a000,unreal,,,0,1,0,0,100,0,1,1,1,1,"AOcr,ACct,ANdb",,1,
Ocr2,Data,AbilityData,-1,4,2,data,WESTRING_AEVAL_OCR2,x0a001,unreal,,,0,1,0,0,99999,0,1,1,1,1,"AOcr,ACct,ANdb",,1,
Ocr3,Data,AbilityData,-1,4,3,data,WESTRING_AEVAL_OCR3,x0a002,unreal,,,0,1,0,0,99999,0,1,1,1,1,"AOcr,ACct,ANdb",,1,
Ocr4,Data,AbilityData,-1,4,4,data,WESTRING_AEVAL_OCR4,x0a004,unreal,,,0,1,0,0,1,0,1,1,1,1,"AOcr,ACct,ANdb",,1,
Ocr5,Data,AbilityData,-1,4,5,data,WESTRING_AEVAL_OCR5,x0a005,bool,,,0,1,0,0,1,0,1,1,1,1,"AOcr,ACct,ANdb",,1,
Omi1,Data,AbilityData,-1,4,1,data,WESTRING_AEVAL_OMI1,x0a000,int,,,0,1,0,1,9,0,1,1,1,1,AOmi,,1,
Omi2,Data,AbilityData,-1,4,2,data,WESTRING_AEVAL_OMI2,x0a001,unreal,,,0,1,0,0,1,0,1,1,1,1,AOmi,,1,
Omi3,Data,AbilityData,-1,4,3,data,WESTRING_AEVAL_OMI3,x0a002,unreal,,,0,1,0,0,10,0,1,1,1,1,AOmi,,1,
Omi4,Data,AbilityData,-1,4,4,data,WESTRING_AEVAL_OMI4,x0a003,unreal,,,0,1,0,"0,001",300,0,1,1,1,1,AOmi,,1,
Owk1,Data,AbilityData,-1,4,1,data,WESTRING_AEVAL_OWK1,x0a000,unreal,,,0,1,0,"0,001",300,0,1,1,1,1,AOwk,,1,
Owk2,Data,AbilityData,-1,4,2,data,WESTRING_AEVAL_OWK2,x0a001,unreal,,,0,1,0,0,10,0,1,1,1,1,AOwk,,1,
Owk3,Data,AbilityData,-1,4,3,data,WESTRING_AEVAL_OWK3,x0a002,unreal,,,0,0,0,0,99999,0,1,1,1,1,AOwk,,1,
Owk4,Data,AbilityData,-1,4,4,data,WESTRING_AEVAL_OWK3,x0a003,bool,,,0,0,0,0,1,0,1,1,1,1,"AOwk,ANwk",,1,
Uan1,Data,AbilityData,-1,4,1,data,WESTRING_AEVAL_UAN1,x0a000,int,,,0,1,0,1,999,0,1,1,1,1,AUan,,1,
Uan3,Data,AbilityData,-1,4,3,data,WESTRING_AEVAL_UAN3,x0a002,bool,,,0,1,0,1,1,0,1,1,1,1,"AUan,ACad,AIan,AInd",,1,
Udc1,Data,AbilityData,-1,4,1,data,WESTRING_AEVAL_UDC1,x0a000,unreal,,,0,1,0,1,99999,0,1,1,1,1,"AUdc,ACdc",,1,
Udp1,Data,AbilityData,-1,4,1,data,WESTRING_AEVAL_UDP1,x0a000,unreal,,,0,1,0,0,99999,0,1,1,1,1,"AUdp,AUdr,Aste",,1,
Udp2,Data,AbilityData,-1,4,2,data,WESTRING_AEVAL_UDP2,x0a001,unreal,,,0,1,0,0,99999,0,1,1,1,1,"AUdp,AUdr,Aste",,1,
Udp3,Data,AbilityData,-1,4,3,data,WESTRING_AEVAL_UDP3,x0a003,bool,,,0,1,0,,,0,1,1,1,1,"AUdp,AUdr,Aste",,1,
Udp4,Data,AbilityData,-1,4,4,data,WESTRING_AEVAL_UDP4,x0a004,bool,,,0,1,0,,,0,1,1,1,1,"AUdp,AUdr,Aste",,1,
Udp5,Data,AbilityData,-1,4,5,data,WESTRING_AEVAL_UDP5,x0a005,bool,,,0,1,0,,,0,1,1,1,1,"AUdp,AUdr,Aste",,1,
Uau1,Data,AbilityData,-1,4,1,data,WESTRING_AEVAL_UAU1,x0a000,unreal,,,0,1,0,0,10,0,1,1,1,1,"AUau,AIau,ACua",,1,
Uau2,Data,AbilityData,-1,4,2,data,WESTRING_AEVAL_UAU2,x0a001,unreal,,,0,1,0,0,10,0,1,1,1,1,"AUau,AIau,ACua",,1,
Uau3,Data,AbilityData,-1,4,3,data,WESTRING_AEVAL_UAU3,x0a002,bool,,,0,1,0,0,1,0,1,1,1,1,"AUau,AIau,ACua",,1,
Eev1,Data,AbilityData,-1,4,1,data,WESTRING_AEVAL_EEV1,x0a000,unreal,,,0,1,0,0,10,0,1,1,1,1,"AEev,AIev,ACev,ACes",,1,
Eim1,Data,AbilityData,-1,4,1,data,WESTRING_AEVAL_EIM1,x0a000,unreal,,,0,1,0,0,99999,0,1,1,1,1,"AEim,ACim,ANpi,Apmf,Apig",,1,
Eim2,Data,AbilityData,-1,4,2,data,WESTRING_AEVAL_EIM2,x0a001,unreal,,,0,1,0,0,99999,0,1,1,1,1,"AEim,ACim,ANpi,Apmf,Apig",,1,
Eim3,Data,AbilityData,-1,4,3,data,WESTRING_AEVAL_EIM3,x0a002,unreal,,,0,1,0,0,99999,0,1,1,1,1,"AEim,ACim,ANpi,Apmf,Apig",,1,
Emb1,Data,AbilityData,-1,4,1,data,WESTRING_AEVAL_EMB1,x0a000,unreal,,,0,1,0,0,99999,0,1,1,1,1,"AEmb,Amnb,Ambd",,1,
Emb2,Data,AbilityData,-1,4,2,data,WESTRING_AEVAL_EMB2,x0a001,unreal,,,0,1,0,"0,001",300,0,1,1,1,1,"AEmb,Amnb,Ambd",,1,
Emb3,Data,AbilityData,-1,4,3,data,WESTRING_AEVAL_EMB3,x0a002,unreal,,,0,1,0,"0,001",300,0,1,1,1,1,"AEmb,Amnb,Ambd",,1,
Eme1,Data,AbilityData,-1,4,1,data,WESTRING_AEVAL_EME1,x0a000,unitCode,,,0,1,0,,,0,1,1,1,1,"AEme,AEIl,AEvi,Abrf,Arav,Amrf,Astn,Aspx,Aave,Abur,Abu2,Abu3,Aetf,Acpf,Aphx,Asb1,Asb2,Asb3,ANcr,ANrg,ANg1,ANg2,ANg3",,1,
Eme2,Data,AbilityData,-1,4,2,data,WESTRING_AEVAL_EME2,x0a001,morphFlags,,,0,1,0,0,99999,0,1,1,1,1,"AEme,AEIl,AEvi,Abrf,Arav,Amrf,Astn,Aspx,Aave,Abur,Abu2,Abu3,Aetf,Acpf,Aphx,Asb1,Asb2,Asb3,ANcr,ANrg,ANg1,ANg2,ANg3",,1,
Eme3,Data,AbilityData,-1,4,3,data,WESTRING_AEVAL_EME3,x0a002,unreal,,,0,1,0,"0,001",300,0,1,1,1,1,"AEme,AEIl,AEvi,Abrf,Arav,Amrf,Astn,Aspx,Aave,Abur,Abu2,Abu3,Aetf,Acpf,Aphx,Asb1,Asb2,Asb3,ANcr,ANrg,ANg1,ANg2,ANg3",,1,
Eme4,Data,AbilityData,-1,4,4,data,WESTRING_AEVAL_EME4,x0a003,unreal,,,0,1,0,0,99999,0,1,1,1,1,"AEme,AEIl,AEvi,Abrf,Arav,Amrf,Astn,Aspx,Aave,Abur,Abu2,Abu3,Aetf,Acpf,Aphx,ANcr,ANrg,ANg1,ANg2,ANg3",,1,
Eme5,Data,AbilityData,-1,4,5,data,WESTRING_AEVAL_EME5,x0a005,unreal,,,0,1,0,0,99999,0,1,1,1,1,"AEme,AEIl,AEvi",,1,
Ncr5,Data,AbilityData,-1,4,5,data,WESTRING_AEVAL_NCR5,x0a005,unreal,,,0,1,0,0,99999,0,1,1,1,1,ANcr,,1,
Ncr6,Data,AbilityData,-1,4,6,data,WESTRING_AEVAL_NCR6,x0a006,unreal,,,0,1,0,0,99999,0,1,1,1,1,ANcr,,1,
Nrg5,Data,AbilityData,-1,4,5,data,WESTRING_AEVAL_NRG5,x0a005,int,,,0,1,0,0,99999,0,1,1,1,1,"ANrg,ANg1,ANg2,ANg3",,1,
Nrg6,Data,AbilityData,-1,4,6,data,WESTRING_AEVAL_NRG6,x0a006,int,,,0,1,0,0,99999,0,1,1,1,1,"ANrg,ANg1,ANg2,ANg3",,1,
ave5,Data,AbilityData,-1,4,5,data,WESTRING_AEVAL_AVE5,x0a005,unreal,,,0,1,0,0,99999,0,1,1,1,1,"Aave,Astn",,1,
Emeu,UnitID,AbilityData,-1,4,0,data,WESTRING_AEVAL_EMEU,x0a00u,unitCode,,,0,1,0,,,0,1,1,1,1,"AEme,AEIl,AEvi,Abrf,Arav,Amrf,Astn,Aspx,Aave,Abur,Abu2,Abu3,Aetf,Acpf,Aphx,Asb1,Asb2,Asb3,ANcr,ANrg,ANg1,ANg2,ANg3",,1,
Usl1,Data,AbilityData,-1,4,1,data,WESTRING_AEVAL_USL1,x0a000,unreal,,,0,1,0,"0,001",300,0,1,1,1,1,"AUsl,ACsl",,1,
Uav1,Data,AbilityData,-1,4,1,data,WESTRING_AEVAL_UAV1,x0a000,unreal,,,0,1,0,0,10,0,1,1,1,1,"AUav,AIav,ACvp",,1,
Ucs1,Data,AbilityData,-1,4,1,data,WESTRING_AEVAL_UCS1,x0a000,unreal,,,0,1,0,0,99999,0,1,1,1,1,"AUcs,ANbf,ACbc,ACbf,ACca,ACcv",,1,
Ucs2,Data,AbilityData,-1,4,2,data,WESTRING_AEVAL_UCS2,x0a001,unreal,,,0,1,0,0,99999,0,1,1,1,1,"AUcs,ANbf,ACbc,ACbf,ACca,ACcv",,1,
Ucs3,Data,AbilityData,-1,4,3,data,WESTRING_AEVAL_UCS3,x0a002,unreal,,,0,1,0,0,99999,0,1,1,1,1,"AUcs,ANbf,ACbc,ACbf,ACca,ACcv,ANfl",,1,
Ucs4,Data,AbilityData,-1,4,4,data,WESTRING_AEVAL_UCS4,x0a003,unreal,,,0,1,0,0,99999,0,1,1,1,1,"AUcs,ANbf,ACbc,ACbf,ACca,ACcv,ANfl",,1,
Uin1,Data,AbilityData,-1,4,1,data,WESTRING_AEVAL_UIN1,x0a000,unreal,,,0,1,0,0,99999,0,1,1,1,1,"AUin,ANin,SNin,AIin",,1,
Uin2,Data,AbilityData,-1,4,2,data,WESTRING_AEVAL_UIN2,x0a001,unreal,,,0,1,0,0,300,0,1,1,1,1,"AUin,ANin,SNin,AIin",,1,
Uin3,Data,AbilityData,-1,4,3,data,WESTRING_AEVAL_UIN3,x0a002,unreal,,,0,1,0,"0,001",300,0,1,1,1,1,"AUin,ANin,SNin,AIin",,1,
Uin4,UnitID,AbilityData,-1,4,0,data,WESTRING_AEVAL_UIN4,x0a003,unitCode,,,0,1,0,,,0,1,1,1,1,"AUin,ANin,SNin,AIin",,1,
Ocl1,Data,AbilityData,-1,4,1,data,WESTRING_AEVAL_OCL1,x0a000,unreal,,,0,1,0,0,99999,0,1,1,1,1,"AOcl,AOhw,ACcl,AChv,ANfl",,1,
Ocl2,Data,AbilityData,-1,4,2,data,WESTRING_AEVAL_OCL2,x0a001,int,,,0,1,0,1,16,0,1,1,1,1,"AOcl,AOhw,ACcl,AChv,ANfl",,1,
Ocl3,Data,AbilityData,-1,4,3,data,WESTRING_AEVAL_OCL3,x0a002,unreal,,,0,1,0,0,1,0,1,1,1,1,"AOcl,AOhw,ACcl,AChv",,1,
Oeq1,Data,AbilityData,-1,4,1,data,WESTRING_AEVAL_OEQ1,x0a000,unreal,,,0,1,0,"0,001",300,0,1,1,1,1,"AOeq,SNeq",,1,
Oeq2,Data,AbilityData,-1,4,2,data,WESTRING_AEVAL_OEQ2,x0a001,unreal,,,0,1,0,0,99999,0,1,1,1,1,"AOeq,SNeq",,1,
Oeq3,Data,AbilityData,-1,4,3,data,WESTRING_AEVAL_OEQ3,x0a002,unreal,,,0,1,0,0,10,0,1,1,1,1,"AOeq,SNeq",,1,
Oeq4,Data,AbilityData,-1,4,4,data,WESTRING_AEVAL_OEQ4,x0a003,unreal,,,0,1,0,0,99999,0,1,1,1,1,"AOeq,SNeq",,1,
Ofs1,Data,AbilityData,-1,4,1,data,WESTRING_AEVAL_OFS1,x0a000,detectionType,,,0,0,0,,,0,1,1,1,1,AOfs,,1,
Osf1,UnitID,AbilityData,-1,4,0,data,WESTRING_AEVAL_OSF1,x0a000,unitCode,,,0,1,0,,,0,1,1,1,1,"AOsf,ACsf,ACs9,AIsh",,1,
Osf2,Data,AbilityData,-1,4,2,data,WESTRING_AEVAL_OSF2,x0a001,int,,,0,1,0,1,999,0,1,1,1,1,"AOsf,ACsf,ACs9,AIsh",,1,
Eer1,Data,AbilityData,-1,4,1,data,WESTRING_AEVAL_EER1,x0a000,unreal,,,0,1,0,0,99999,0,1,1,1,1,"AEer,Aenr,Aenw",,1,
Efn1,Data,AbilityData,-1,4,1,data,WESTRING_AEVAL_EFN1,x0a000,int,,,0,1,0,1,999,0,1,1,1,1,"AEfn,ACfr",,1,
Efnu,UnitID,AbilityData,-1,4,0,data,WESTRING_AEVAL_EFNU,x0a000u,unitCode,,,0,0,0,,,0,1,1,1,1,"AEfn,ACfr",,1,
Eah1,Data,AbilityData,-1,4,1,data,WESTRING_AEVAL_EAH1,x0a000,unreal,,,0,1,0,0,99999,0,1,1,1,1,AEah,,1,
Eah2,Data,AbilityData,-1,4,2,data,WESTRING_AEVAL_EAH2,x0a001,bool,,,0,1,0,0,1,0,1,1,1,1,AEah,,1,
Etq1,Data,AbilityData,-1,4,1,data,WESTRING_AEVAL_ETQ1,x0a000,unreal,,,0,1,0,0,99999,0,1,1,1,1,AEtq,,1,
Etq2,Data,AbilityData,-1,4,2,data,WESTRING_AEVAL_ETQ2,x0a001,unreal,,,0,1,0,"0,001",300,0,1,1,1,1,AEtq,,1,
Etq3,Data,AbilityData,-1,4,3,data,WESTRING_AEVAL_ETQ3,x0a002,unreal,,,0,1,0,0,10,0,1,1,1,1,AEtq,,1,
Udd1,Data,AbilityData,-1,4,1,data,WESTRING_AEVAL_UDD1,x0a000,unreal,,,0,1,0,0,10,0,1,1,1,1,"AUdd,SNdd",,1,
Udd2,Data,AbilityData,-1,4,2,data,WESTRING_AEVAL_UDD2,x0a001,unreal,,,0,1,0,0,10,0,1,1,1,1,"AUdd,SNdd",,1,
Ufa1,Data,AbilityData,-1,4,1,data,WESTRING_AEVAL_UFA1,x0a000,unreal,,,0,1,0,"0,001",300,0,1,1,1,1,"AUfa,AUfu,ACfa",,1,
Ufa2,Data,AbilityData,-1,4,2,data,WESTRING_AEVAL_UFA2,x0a001,unreal,,,0,1,0,0,99999,0,1,1,1,1,"AUfa,AUfu,ACfa",,1,
Ufn1,Data,AbilityData,-1,4,1,data,WESTRING_AEVAL_UFN1,x0a000,unreal,,,0,1,0,0,99999,0,1,1,1,1,"AUfn,ACfn",,1,
Ufn2,Data,AbilityData,-1,4,2,data,WESTRING_AEVAL_UFN2,x0a001,unreal,,,0,1,0,0,99999,0,1,1,1,1,"AUfn,ACfn",,1,
Hfa1,Data,AbilityData,-1,4,1,data,WESTRING_AEVAL_HFA1,x0a000,unreal,,,0,1,0,0,99999,0,1,1,1,1,"AHfa,ACsa",,1,
Esf1,Data,AbilityData,-1,4,1,data,WESTRING_AEVAL_ESF1,x0a000,unreal,,,0,1,0,0,99999,0,1,1,1,1,"AEsf,AEsb,ANmo,ACmo",,1,
Esf2,Data,AbilityData,-1,4,2,data,WESTRING_AEVAL_ESF2,x0a001,unreal,,,0,1,0,"0,001",300,0,1,1,1,1,"AEsf,AEsb,ANmo,ACmo",,1,
Esf3,Data,AbilityData,-1,4,3,data,WESTRING_AEVAL_ESF3,x0a002,unreal,,,0,1,0,0,10,0,1,1,1,1,"AEsf,AEsb,ANmo,ACmo",,1,
Ear1,Data,AbilityData,-1,4,1,data,WESTRING_AEVAL_EAR1,x0a000,unreal,,,0,1,0,0,10,0,1,1,1,1,"AEar,AIar,ACat",,1,
Ear2,Data,AbilityData,-1,4,2,data,WESTRING_AEVAL_EAR2,x0a001,bool,,,0,1,0,0,1,0,1,1,1,1,"AEar,AIar,ACat,ACac,AIcd,Aakb",,1,
Ear3,Data,AbilityData,-1,4,3,data,WESTRING_AEVAL_EAR3,x0a002,bool,,,0,1,0,0,1,0,1,1,1,1,"AEar,AIar,ACat,ACac,AIcd,Aakb",,1,
Ear4,Data,AbilityData,-1,4,4,data,WESTRING_AEVAL_EAR4,x0a003,bool,,,0,1,0,0,1,0,1,1,1,1,"AEar,AIar,ACat,ACac,AIcd,Aakb",,1,
Hav1,Data,AbilityData,-1,4,1,data,WESTRING_AEVAL_HAV1,x0a000,unreal,,,0,1,0,0,99999,0,1,1,1,1,AHav,,1,
Hav2,Data,AbilityData,-1,4,2,data,WESTRING_AEVAL_HAV2,x0a001,unreal,,,0,1,0,0,99999,0,1,1,1,1,AHav,,1,
Hav3,Data,AbilityData,-1,4,3,data,WESTRING_AEVAL_HAV3,x0a002,unreal,,,0,1,0,0,99999,0,1,1,1,1,AHav,,1,
Hav4,Data,AbilityData,-1,4,4,data,WESTRING_AEVAL_HAV4,x0a004,unreal,,,0,0,0,0,100,0,1,1,1,1,AHav,,1,
Hbh1,Data,AbilityData,-1,4,1,data,WESTRING_AEVAL_HBH1,x0a000,unreal,,,0,1,0,0,100,0,1,1,1,1,"AHbh,ACbh",,1,
Hbh2,Data,AbilityData,-1,4,2,data,WESTRING_AEVAL_HBH2,x0a001,unreal,,,0,1,0,0,99999,0,1,1,1,1,"AHbh,ACbh",,1,
Hbh3,Data,AbilityData,-1,4,3,data,WESTRING_AEVAL_HBH3,x0a002,unreal,,,0,1,0,0,99999,0,1,1,1,1,"AHbh,ACbh",,1,
Hbh4,Data,AbilityData,-1,4,4,data,WESTRING_AEVAL_HBH4,x0a004,unreal,,,0,1,0,0,1,0,1,1,1,1,"AHbh,ACbh",,1,
Hbh5,Data,AbilityData,-1,4,5,data,WESTRING_AEVAL_HBH5,x0a005,bool,,,0,1,0,0,1,0,1,1,1,1,"AHbh,ACbh,ANbh,ANb2,AIbx",,1,
Htb1,Data,AbilityData,-1,4,1,data,WESTRING_AEVAL_HTB1,x0a000,unreal,,,0,1,0,0,99999,0,1,1,1,1,"AHtb,ANfb,Awfb,ACfb,ACcb",,1,
Htc1,Data,AbilityData,-1,4,1,data,WESTRING_AEVAL_HTC1,x0a000,unreal,,,0,1,0,0,99999,0,1,1,1,1,AHtc,,1,
Htc2,Data,AbilityData,-1,4,2,data,WESTRING_AEVAL_HTC2,x0a001,unreal,,,0,1,0,0,99999,0,1,1,1,1,AHtc,,1,
Htc3,Data,AbilityData,-1,4,3,data,WESTRING_AEVAL_HTC3,x0a002,unreal,,,0,1,0,0,10,0,1,1,1,1,AHtc,,1,
Htc4,Data,AbilityData,-1,4,4,data,WESTRING_AEVAL_HTC4,x0a003,unreal,,,0,1,0,0,10,0,1,1,1,1,AHtc,,1,
Had1,Data,AbilityData,-1,4,1,data,WESTRING_AEVAL_HAD1,x0a000,unreal,,,0,1,0,0,99999,0,1,1,1,1,"AHad,AIad,ACav",,1,
Had2,Data,AbilityData,-1,4,2,data,WESTRING_AEVAL_HAD2,x0a001,bool,,,0,1,0,0,1,0,1,1,1,1,"AHad,AIad,ACav",,1,
Hds1,Data,AbilityData,-1,4,1,data,WESTRING_AEVAL_HDS1,x0a000,bool,,,0,1,0,0,1,0,1,1,1,1,AHds,,1,
Hhb1,Data,AbilityData,-1,4,1,data,WESTRING_AEVAL_HHB1,x0a000,unreal,,,0,1,0,0,99999,0,1,1,1,1,AHhb,,1,
Hre1,Data,AbilityData,-1,4,1,data,WESTRING_AEVAL_HRE1,x0a000,int,,,0,1,0,1,999,0,1,1,1,1,"AHre,AIrs",,1,
Hre2,Data,AbilityData,-1,4,2,data,WESTRING_AEVAL_HRE2,x0a001,bool,,,0,1,0,,,0,1,1,1,1,"AUan,AHre,ACad,AIan,AIrs,APrl,APrr",,1,
Hca1,Data,AbilityData,-1,4,1,data,WESTRING_AEVAL_HCA1,x0a000,unreal,,,0,1,0,0,99999,0,1,1,1,1,"AHca,ACcw,ANfa",,1,
Hca2,Data,AbilityData,-1,4,2,data,WESTRING_AEVAL_HCA2,x0a001,unreal,,,0,1,0,0,10,0,1,1,1,1,"AHca,ACcw,ANfa",,1,
Hca3,Data,AbilityData,-1,4,3,data,WESTRING_AEVAL_HCA3,x0a003,unreal,,,0,1,0,0,10,0,1,1,1,1,"AHca,ACcw,ANfa",,1,
Hca4,Data,AbilityData,-1,4,4,data,WESTRING_AEVAL_HCA4,x0a004,stackFlags,,,0,0,0,,,0,1,1,1,1,"AHca,ACcw,ANfa",,1,
Oae1,Data,AbilityData,-1,4,1,data,WESTRING_AEVAL_OAE1,x0a000,unreal,,,0,1,0,0,10,0,1,1,1,1,"AOae,AIae,SCae",,1,
Oae2,Data,AbilityData,-1,4,2,data,WESTRING_AEVAL_OAE2,x0a001,unreal,,,0,1,0,0,10,0,1,1,1,1,"AOae,AIae,SCae",,1,
Ore1,Data,AbilityData,-1,4,1,data,WESTRING_AEVAL_ORE1,x0a000,unreal,,,0,1,0,"0,001",300,0,1,1,1,1,"AOre,ACrn,ANrn",,1,
Osh1,Data,AbilityData,-1,4,1,data,WESTRING_AEVAL_OSH1,x0a000,unreal,,,0,1,0,0,99999,0,1,1,1,1,"AOsh,ACsh,ACst",,1,
Osh2,Data,AbilityData,-1,4,2,data,WESTRING_AEVAL_OSH2,x0a001,unreal,,,0,1,0,0,99999,0,1,1,1,1,"AOsh,ACsh,ACst",,1,
Osh3,Data,AbilityData,-1,4,3,data,WESTRING_AEVAL_OSH3,x0a002,unreal,,,0,1,0,0,99999,0,1,1,1,1,"AOsh,ACsh,ACst",,1,
Osh4,Data,AbilityData,-1,4,4,data,WESTRING_AEVAL_OSH4,x0a003,unreal,,,0,1,0,0,99999,0,1,1,1,1,"AOsh,ACsh,ACst",,1,
Nfd1,Data,AbilityData,-1,4,1,data,WESTRING_AEVAL_NFD1,x0a000,unreal,,,0,1,0,"0,001",300,0,1,1,1,1,ANfd,,1,
Nfd2,Data,AbilityData,-1,4,2,data,WESTRING_AEVAL_NFD2,x0a001,unreal,,,0,1,0,"0,001",300,0,1,1,1,1,ANfd,,1,
Nfd3,Data,AbilityData,-1,4,3,data,WESTRING_AEVAL_NFD3,x0a002,unreal,,,0,1,0,0,99999,0,1,1,1,1,ANfd,,1,
Ndp1,Data,AbilityData,-1,4,1,data,WESTRING_AEVAL_NDP1,x0a000,unitList,,,0,1,0,,,0,1,1,1,1,ANdp,,1,
Ndp2,Data,AbilityData,-1,4,2,data,WESTRING_AEVAL_NDP2,x0a001,int,,,0,1,0,1,99999,0,1,1,1,1,ANdp,,1,
Ndp3,Data,AbilityData,-1,4,3,data,WESTRING_AEVAL_NDP3,x0a002,int,,,0,1,0,1,99999,0,1,1,1,1,ANdp,,1,
Nrc1,Data,AbilityData,-1,4,1,data,WESTRING_AEVAL_NRC1,x0a000,abilCode,,,0,1,0,,,0,1,1,1,1,ANrc,,1,
Nrc2,Data,AbilityData,-1,4,2,data,WESTRING_AEVAL_NRC2,x0a001,int,,,0,1,0,1,99999,0,1,1,1,1,ANrc,,1,
Ams1,Data,AbilityData,-1,4,1,data,WESTRING_AEVAL_AMS1,x0a000,unreal,,,0,1,0,0,99999,0,1,1,1,1,"Aams,ACam",,1,
Ams2,Data,AbilityData,-1,4,2,data,WESTRING_AEVAL_AMS2,x0a002,unreal,,,0,1,0,0,99999,0,1,1,1,1,"Aams,ACam",,1,
Ams3,Data,AbilityData,-1,4,3,data,WESTRING_AEVAL_AMS3,,int,,,0,1,0,0,99999,0,1,1,1,1,"Aams,ACam,AIxs",,1,
Ams4,Data,AbilityData,-1,4,4,data,WESTRING_AEVAL_AMS4,x0a004,int,,,0,1,0,0,99999,0,1,1,1,1,"Aams,ACam,AIxs,Aam2",,1,
Apl1,Data,AbilityData,-1,4,1,data,WESTRING_AEVAL_APL1,x0a000,unreal,,,0,1,0,"0,001",300,0,1,1,1,1,"Aapl,Aap1,Aap2,Aap3,Aap4",,1,
Apl2,Data,AbilityData,-1,4,2,data,WESTRING_AEVAL_APL2,x0a001,unreal,,,0,1,0,0,99999,0,1,1,1,1,"Aapl,Aap1,Aap2,Aap3,Aap4",,1,
Apl3,Data,AbilityData,-1,4,3,data,WESTRING_AEVAL_APL3,x0a002,unreal,,,0,1,0,-1,300,0,1,1,1,1,"Aapl,Aap1,Aap2,Aap3,Aap4",,1,
Aplu,UnitID,AbilityData,-1,4,0,data,WESTRING_AEVAL_APLU,x0a00u,unitCode,,,0,1,0,,,0,1,1,1,1,"Aapl,Aap1,Aap2,Aap3,Aap4",,1,
Oar1,Data,AbilityData,-1,4,1,data,WESTRING_AEVAL_OAR1,x0a000,unreal,,,0,1,0,0,99999,0,1,1,1,1,"Aoar,ACnr,Aabr",,1,
Oar2,Data,AbilityData,-1,4,2,data,WESTRING_AEVAL_OAR2,x0a001,bool,,,0,1,0,0,1,0,1,1,1,1,"Aoar,ACnr,Aabr",,1,
Akb1,Data,AbilityData,-1,4,1,data,WESTRING_AEVAL_AKB1,x0a000,unreal,,,0,1,0,0,1,0,1,1,1,1,Aakb,,1,
Adm1,Data,AbilityData,-1,4,1,data,WESTRING_AEVAL_ADM1,x0a000,unreal,,,0,1,0,0,99999,0,1,1,1,1,"Aadm,ACdm,Adis,Adsm,Adch",,1,
Adm2,Data,AbilityData,-1,4,2,data,WESTRING_AEVAL_ADM2,x0a001,unreal,,,0,1,0,0,99999,0,1,1,1,1,"Aadm,ACdm,Adis,Adsm,Adch",,1,
Btl1,UnitID,AbilityData,-1,4,0,data,WESTRING_AEVAL_BTL1,x0a000,unitCode,,,0,1,0,,,0,1,1,1,1,"Abtl,Sbtl",,1,
Btl2,Data,AbilityData,-1,4,2,data,WESTRING_AEVAL_BTL2,x0a001,bool,,,0,1,0,0,1,0,1,1,1,1,"Abtl,Sbtl",,1,
Bli1,Data,AbilityData,-1,4,1,data,WESTRING_AEVAL_BLI1,x0a001,unreal,,,0,1,0,0,99999,0,1,1,1,1,"Abds,Abdl,Abgs,Abgl,Ablp",,1,
Bli2,Data,AbilityData,-1,4,2,data,WESTRING_AEVAL_BLI2,x0a002,bool,,,0,1,0,0,1,0,1,1,1,1,"Abds,Abdl,Abgs,Abgl,Ablp",,1,
Bgm1,Data,AbilityData,-1,4,1,data,WESTRING_AEVAL_BGM1,x0a000,int,,,0,1,0,0,99999,0,1,1,1,1,Abgm,,1,
Bgm2,Data,AbilityData,-1,4,2,data,WESTRING_AEVAL_BGM2,x0a001,unreal,,,0,1,0,"0,001",300,0,1,1,1,1,Abgm,,1,
Bgm3,Data,AbilityData,-1,4,3,data,WESTRING_AEVAL_BGM3,x0a002,int,,,0,1,0,1,8,0,1,1,1,1,Abgm,,1,
Bgm4,Data,AbilityData,-1,4,4,data,WESTRING_AEVAL_BGM4,x0a003,unreal,,,0,1,0,0,99999,0,1,1,1,1,Abgm,,1,
Blo1,Data,AbilityData,-1,4,1,data,WESTRING_AEVAL_BLO1,x0a000,unreal,,,0,1,0,0,10,0,1,1,1,1,"Ablo,ACbl,Afzy",,1,
Blo2,Data,AbilityData,-1,4,2,data,WESTRING_AEVAL_BLO2,x0a001,unreal,,,0,1,0,0,10,0,1,1,1,1,"Ablo,ACbl.Afzy",,1,
Blo3,Data,AbilityData,-1,4,3,data,WESTRING_AEVAL_BLO3,x0a002,unreal,,,0,1,0,0,10,0,1,1,1,1,"Ablo,ACbl,Afzy",,1,
Can1,Data,AbilityData,-1,4,1,data,WESTRING_AEVAL_CAN1,x0a000,unreal,,,0,1,0,0,99999,0,1,1,1,1,"Acan,ACcn",,1,
Can2,Data,AbilityData,-1,4,2,data,WESTRING_AEVAL_CAN2,x0a001,unreal,,,0,1,0,0,99999,0,1,1,1,1,"Acan,ACcn",,1,
Car1,Data,AbilityData,-1,4,1,data,WESTRING_AEVAL_CAR1,x0a000,int,,,0,1,0,0,8,0,1,1,1,1,"Abun,Advc,Sch2,Sch3,Sch4,Sch5,Aenc",,1,
Dev2,Data,AbilityData,-1,4,2,data,WESTRING_AEVAL_DEV2,x0a001,unreal,,,0,1,0,0,99999,0,1,1,1,1,Advc,,1,
Dev3,Data,AbilityData,-1,4,3,data,WESTRING_AEVAL_DEV3,x0a002,int,,,0,1,0,0,100,0,1,1,1,1,Advc,,1,
Chd1,Data,AbilityData,-1,4,1,data,WESTRING_AEVAL_CHD1,x0a000,unreal,,,0,1,0,0,99999,0,1,1,1,1,Achd,,1,
Chd2,Data,AbilityData,-1,4,2,data,WESTRING_AEVAL_CHD2,x0a001,unreal,,,0,1,0,0,99999,0,1,1,1,1,Achd,,1,
Chd3,Data,AbilityData,-1,4,3,data,WESTRING_AEVAL_CHD3,x0a002,unreal,,,0,1,0,0,99999,0,1,1,1,1,Achd,,1,
Cha1,UnitID,AbilityData,-1,4,0,data,WESTRING_AEVAL_CHA1,x0a000,unitCode,,,0,1,0,,,0,1,1,1,1,"Acha,Sca1,Sca2,Sca3,Sca4,Sca5,Sca6,Sbsk,Srtt",,1,
Cri1,Data,AbilityData,-1,4,1,data,WESTRING_AEVAL_CRI1,x0a000,unreal,,,0,1,0,0,10,0,1,1,1,1,"Acri,Scri,ACcr",,1,
Cri2,Data,AbilityData,-1,4,2,data,WESTRING_AEVAL_CRI2,x0a001,unreal,,,0,1,0,0,10,0,1,1,1,1,"Acri,Scri,ACcr",,1,
Cri3,Data,AbilityData,-1,4,3,data,WESTRING_AEVAL_CRI3,x0a002,unreal,,,0,1,0,0,10,0,1,1,1,1,"Acri,Scri,ACcr",,1,
Crs,Data,AbilityData,-1,4,1,data,WESTRING_AEVAL_CRS1,x0a000,unreal,,,0,1,0,0,1,0,1,1,1,1,"Acrs,ACcs",,1,
Dda1,Data,AbilityData,-1,4,1,data,WESTRING_AEVAL_DDA1,x0a000,unreal,,,0,1,0,0,99999,0,1,1,1,1,"Adda,Amnx,Amnz,Asds,Auco",,1,
Dda2,Data,AbilityData,-1,4,2,data,WESTRING_AEVAL_DDA2,x0a001,unreal,,,0,1,0,0,99999,0,1,1,1,1,"Adda,Amnx,Amnz,Asds,Auco",,1,
Dda3,Data,AbilityData,-1,4,3,data,WESTRING_AEVAL_DDA3,x0a002,unreal,,,0,1,0,0,99999,0,1,1,1,1,"Adda,Amnx,Amnz,Asds,Auco",,1,
Dda4,Data,AbilityData,-1,4,4,data,WESTRING_AEVAL_DDA4,x0a003,unreal,,,0,1,0,0,99999,0,1,1,1,1,"Adda,Amnx,Amnz,Asds,Auco",,1,
Sds1,Data,AbilityData,-1,4,5,data,WESTRING_AEVAL_SDS5,x0a005,unreal,,,0,1,0,0,1000,0,1,1,1,1,Asds,,1,
Sds6,Data,AbilityData,-1,4,6,data,WESTRING_AEVAL_SDS6,x0a005,bool,,,0,1,0,0,1,0,1,1,1,1,"Asds,Asdg,Asd2,Asd3",,1,
Uco5,Data,AbilityData,-1,4,5,data,WESTRING_AEVAL_UCO5,x0a004,unreal,,,0,1,0,0,99999,0,1,1,1,1,Auco,,1,
Uco6,Data,AbilityData,-1,4,6,data,WESTRING_AEVAL_UCO6,x0a005,unreal,,,0,1,0,0,522,0,1,1,1,1,Auco,,1,
Def1,Data,AbilityData,-1,4,1,data,WESTRING_AEVAL_DEF1,x0a000,unreal,,,0,1,0,0,10,0,1,1,1,1,"Adef,Amdf,AIdd",,1,
Def2,Data,AbilityData,-1,4,2,data,WESTRING_AEVAL_DEF2,x0a001,unreal,,,0,1,0,0,10,0,1,1,1,1,"Adef,Amdf,AIdd",,1,
Def3,Data,AbilityData,-1,4,3,data,WESTRING_AEVAL_DEF3,x0a002,unreal,,,0,1,0,0,10,0,1,1,1,1,"Adef,Amdf,AIdd",,1,
Def4,Data,AbilityData,-1,4,4,data,WESTRING_AEVAL_DEF4,x0a004,unreal,,,0,1,0,0,10,0,1,1,1,1,"Adef,Amdf,AIdd",,1,
Def5,Data,AbilityData,-1,4,5,data,WESTRING_AEVAL_DEF5,x0a005,unreal,,,0,1,0,0,10,0,1,1,1,1,"Adef,Amdf,AIdd",,1,
Def6,Data,AbilityData,-1,4,6,data,WESTRING_AEVAL_DEF6,x0a005,unreal,,,0,1,0,0,10,0,1,1,1,1,"Adef,Amdf,AIdd,Aegr",,1,
Def7,Data,AbilityData,-1,4,7,data,WESTRING_AEVAL_DEF7,x0a006,unreal,,,0,1,0,0,10,0,1,1,1,1,"Adef,Amdf,AIdd,Aegr",,1,
Def8,Data,AbilityData,-1,4,8,data,WESTRING_AEVAL_DEF8,x0a007,unreal,,,0,1,0,0,10,0,1,1,1,1,"Adef,Amdf,AIdd,Aegr",,1,
Dev1,Data,AbilityData,-1,4,1,data,WESTRING_AEVAL_DEV1,x0a000,int,,,0,1,0,0,100,0,1,1,1,1,"Adev,ACdv",,1,
Eat1,Data,AbilityData,-1,4,1,data,WESTRING_AEVAL_EAT1,x0a000,unreal,,,0,1,0,0,99999,0,1,1,1,1,Aeat,,1,
Eat2,Data,AbilityData,-1,4,2,data,WESTRING_AEVAL_EAT2,x0a001,unreal,,,0,1,0,"0,001",300,0,1,1,1,1,Aeat,,1,
Eat3,Data,AbilityData,-1,4,3,data,WESTRING_AEVAL_EAT3,x0a002,unreal,,,0,1,0,"0,001",300,0,1,1,1,1,Aeat,,1,
Ens1,Data,AbilityData,-1,4,1,data,WESTRING_AEVAL_ENS1,x0a000,unreal,,,0,1,0,"0,001",300,0,1,1,1,1,"Aens,ACen,Aweb,ACwb,AIwb",,1,
Ens2,Data,AbilityData,-1,4,2,data,WESTRING_AEVAL_ENS2,x0a001,unreal,,,0,1,0,0,99999,0,1,1,1,1,"Aens,ACen,Aweb,ACwb,AIwb",,1,
Ens3,Data,AbilityData,-1,4,3,data,WESTRING_AEVAL_ENS3,x0a002,unreal,,,0,1,0,0,99999,0,1,1,1,1,"Aens,ACen,Aweb,ACwb,AIwb",,1,
ent1,UnitID,AbilityData,-1,4,0,data,WESTRING_AEVAL_ENT1,x0a00u,unitCode,,,0,0,0,,,0,1,1,1,1,Aent,,1,
Egm1,Data,AbilityData,-1,4,1,data,WESTRING_AEVAL_EGM1,x0a000,int,,,0,1,0,0,99999,0,1,1,1,1,Aegm,,1,
Egm2,Data,AbilityData,-1,4,2,data,WESTRING_AEVAL_EGM2,x0a000,unreal,,,0,1,0,"0,001",3600,0,1,1,1,1,Aegm,,1,
Fae1,Data,AbilityData,-1,4,1,data,WESTRING_AEVAL_FAE1,x0a000,int,,,0,1,0,0,99999,0,1,1,1,1,"Afae,Afa2,ACff",,1,
Fae2,Data,AbilityData,-1,4,2,data,WESTRING_AEVAL_FAE2,x0a001,bool,,,0,1,0,0,1,0,1,1,1,1,"Afae,Afa2,ACff",,1,
Fla1,Data,AbilityData,-1,4,1,data,WESTRING_AEVAL_FLA1,x0a000,detectionType,,,0,1,0,,,0,1,1,1,1,Afla,,1,
Fla2,Data,AbilityData,-1,4,2,data,WESTRING_AEVAL_FLA2,x0a001,unreal,,,0,1,0,"0,001",300,0,1,1,1,1,Afla,,1,
Fla3,Data,AbilityData,-1,4,3,data,WESTRING_AEVAL_FLA3,x0a003,int,,,0,1,0,0,999,0,1,1,1,1,Afla,,1,
Gld1,Data,AbilityData,-1,4,1,data,WESTRING_AEVAL_GLD1,x0a000,int,,,0,1,0,0,99999,0,1,1,1,1,Agld,,1,
Gld2,Data,AbilityData,-1,4,2,data,WESTRING_AEVAL_GLD2,x0a001,unreal,,,0,1,0,"0,001",3600,0,1,1,1,1,Agld,,1,
Gld3,Data,AbilityData,-1,4,3,data,WESTRING_AEVAL_GLD3,x0a002,int,,,0,1,0,1,32,0,1,1,1,1,Agld,,1,
Gyd1,Data,AbilityData,-1,4,1,data,WESTRING_AEVAL_GYD1,x0a000,int,,,0,1,0,1,10,0,1,1,1,1,Agyd,,1,
Gyd2,Data,AbilityData,-1,4,2,data,WESTRING_AEVAL_GYD2,x0a001,unreal,,,0,1,0,0,99999,0,1,1,1,1,Agyd,,1,
Gyd3,Data,AbilityData,-1,4,3,data,WESTRING_AEVAL_GYD3,x0a002,unreal,,,0,1,0,0,99999,0,1,1,1,1,Agyd,,1,
Gydu,UnitID,AbilityData,-1,4,0,data,WESTRING_AEVAL_GYDU,x0a00u,unitCode,,,0,0,0,,,0,1,1,1,1,Agyd,,1,
Har1,Data,AbilityData,-1,4,1,data,WESTRING_AEVAL_HAR1,x0a000,int,,,0,1,0,1,99999,0,1,1,1,1,"Ahar,Ahrl,Ahr2,Ahr3",,1,
Har2,Data,AbilityData,-1,4,2,data,WESTRING_AEVAL_HAR2,x0a001,int,,,0,1,0,0,99999,0,1,1,1,1,"Ahar,Ahrl,Ahr2,Ahr3",,1,
Har3,Data,AbilityData,-1,4,3,data,WESTRING_AEVAL_HAR3,x0a002,int,,,0,1,0,0,99999,0,1,1,1,1,Ahar,,1,
Hea1,Data,AbilityData,-1,4,1,data,WESTRING_AEVAL_HEA1,x0a000,unreal,,,0,1,0,0,99999,0,1,1,1,1,"Ahea,Anh1,Anh2,Anhe",,1,
Inf1,Data,AbilityData,-1,4,1,data,WESTRING_AEVAL_INF1,x0a000,unreal,,,0,1,0,0,10,0,1,1,1,1,"Ainf,ACif",,1,
Inf2,Data,AbilityData,-1,4,2,data,WESTRING_AEVAL_INF2,x0a001,int,,,0,1,0,0,99999,0,1,1,1,1,"Ainf,ACif",,1,
Inf3,Data,AbilityData,-1,4,3,data,WESTRING_AEVAL_INF3,x0a002,unreal,,,0,1,0,0,99999,0,1,1,1,1,"Ainf,ACif",,1,
Inf4,Data,AbilityData,-1,4,4,data,WESTRING_AEVAL_INF4,x0a003,unreal,,,0,1,0,0,99999,0,1,1,1,1,"Ainf,ACif",,1,
Lit1,Data,AbilityData,-1,4,1,data,WESTRING_AEVAL_LIT1,x0a000,unreal,,,0,1,0,"0,001",300,0,1,1,1,1,Alit,,1,
Lit2,Data,AbilityData,-1,4,2,data,WESTRING_AEVAL_LIT2,x0a001,unreal,,,0,1,0,"0,001",300,0,1,1,1,1,Alit,,1,
Lsh1,Data,AbilityData,-1,4,1,data,WESTRING_AEVAL_LSH1,x0a000,unreal,,,0,1,0,0,99999,0,1,1,1,1,"Alsh,ACls",,1,
Loa1,UnitID,AbilityData,-1,4,0,data,WESTRING_AEVAL_LOA1,x0a000,unitCode,,,0,1,1,,,0,1,1,1,1,"Aloa,Sloa,Slo2,Slo3",,1,
Mbt1,Data,AbilityData,-1,4,1,data,WESTRING_AEVAL_MBT1,x0a000,unreal,,,0,1,0,0,99999,0,1,1,1,1,"Ambt,Amb2",,1,
Mbt2,Data,AbilityData,-1,4,2,data,WESTRING_AEVAL_MBT2,x0a001,unreal,,,0,1,0,0,99999,0,1,1,1,1,"Ambt,Amb2",,1,
Mbt3,Data,AbilityData,-1,4,3,data,WESTRING_AEVAL_MBT3,x0a002,unreal,,,0,1,0,0,99999,0,1,1,1,1,"Ambt,Amb2",,1,
Mbt4,Data,AbilityData,-1,4,4,data,WESTRING_AEVAL_MBT4,x0a003,unreal,,,0,1,0,-1,99999,0,1,1,1,1,"Ambt,Amb2",,1,
Mbt5,Data,AbilityData,-1,4,5,data,WESTRING_AEVAL_MBT5,x0a005,bool,,,0,1,0,,,0,1,1,1,1,"Ambt,Amb2",,1,
Mil1,Data,AbilityData,-1,4,1,data,WESTRING_AEVAL_MIL1,x0a000,unitCode,,,0,1,0,,,0,1,1,1,1,Amil,,1,
Mil2,Data,AbilityData,-1,4,2,data,WESTRING_AEVAL_MIL2,x0a001,unitCode,,,0,1,0,,,0,1,1,1,1,Amil,,1,
Min1,Data,AbilityData,-1,4,1,data,WESTRING_AEVAL_MIN1,x0a000,unreal,,,0,1,0,"0,001",300,0,1,1,1,1,Amin,,1,
Min2,Data,AbilityData,-1,4,2,data,WESTRING_AEVAL_MIN2,x0a001,unreal,,,0,1,0,"0,001",300,0,1,1,1,1,Amin,,1,
Neu1,Data,AbilityData,-1,4,1,data,WESTRING_AEVAL_NEU1,x0a000,unreal,,,0,1,0,0,99999,0,1,1,1,1,"Aneu,Ane2,Aall",,1,
Neu2,Data,AbilityData,-1,4,2,data,WESTRING_AEVAL_NEU2,x0a002,interactionFlags,,,0,1,0,,,0,1,1,1,1,"Aneu,Ane2,Aall",,1,
Neu3,Data,AbilityData,-1,4,3,data,WESTRING_AEVAL_NEU3,x0a003,bool,,,0,1,0,,,0,1,1,1,1,"Aneu,Ane2,Aall",,1,
Neu4,Data,AbilityData,-1,4,4,data,WESTRING_AEVAL_NEU4,x0a000,bool,,,0,1,0,,,0,1,1,1,1,"Aneu,Ane2,Aall",,1,
Ndt1,Data,AbilityData,-1,4,1,data,WESTRING_AEVAL_NDT1,x0a000,int,,,0,1,0,0,1000000,0,1,1,1,1,"Andt,AAns",,1,
Ndt2,Data,AbilityData,-1,4,2,data,WESTRING_AEVAL_NDT2,x0a001,int,,,0,1,0,0,1000000,0,1,1,1,1,"Andt,AAns",,1,
Ndt3,Data,AbilityData,-1,4,3,data,WESTRING_AEVAL_NDT3,x0a002,detectionType,,,0,1,0,,,0,1,1,1,1,Andt,,1,
Ans5,Data,AbilityData,-1,4,5,data,WESTRING_AEVAL_ANS5,x0a003,orderString,,,0,1,1,,32,0,1,1,1,1,AAns,,1,
Ans6,Data,AbilityData,-1,4,6,data,WESTRING_AEVAL_ANS6,x0a004,bool,,,0,1,0,0,1,0,1,1,1,1,AAns,,1,
Arm1,Data,AbilityData,-1,4,1,data,WESTRING_AEVAL_NRE1,x0a000,unreal,,,0,1,0,0,99999,0,1,1,1,1,"ANre,Aarm",,1,
Arm2,Data,AbilityData,-1,4,2,data,WESTRING_AEVAL_NRE2,x0a001,bool,,,0,1,0,0,1,0,1,1,1,1,"ANre,Aarm",,1,
Poi1,Data,AbilityData,-1,4,1,data,WESTRING_AEVAL_POI1,x0a000,unreal,,,0,1,0,0,99999,0,1,1,1,1,"Apoi,Apo2,Aven,ACvs,ANpa",,1,
Poi2,Data,AbilityData,-1,4,2,data,WESTRING_AEVAL_POI2,x0a002,unreal,,,0,0,0,0,100,0,1,1,1,1,"Apoi,Apo2,Aven,ACvs,ANpa",,1,
Poi3,Data,AbilityData,-1,4,3,data,WESTRING_AEVAL_POI3,x0a003,unreal,,,0,0,0,0,100,0,1,1,1,1,"Apoi,Apo2,Aven,ACvs,ANpa",,1,
Poi4,Data,AbilityData,-1,4,4,data,WESTRING_AEVAL_POI4,x0a004,stackFlags,,,0,0,0,,,0,1,1,1,1,"Apoi,Apo2,Aven,ACvs,ANpa",,1,
Poa1,Data,AbilityData,-1,4,1,data,WESTRING_AEVAL_POA1,x0a000,unreal,,,0,1,0,0,99999,0,1,1,1,1,AEpa,,1,
Poa2,Data,AbilityData,-1,4,2,data,WESTRING_AEVAL_POA2,x0a001,unreal,,,0,1,0,0,99999,0,1,1,1,1,AEpa,,1,
Poa3,Data,AbilityData,-1,4,3,data,WESTRING_AEVAL_POA3,x0a002,unreal,,,0,0,0,0,100,0,1,1,1,1,AEpa,,1,
Poa4,Data,AbilityData,-1,4,4,data,WESTRING_AEVAL_POA4,x0a003,unreal,,,0,0,0,0,100,0,1,1,1,1,AEpa,,1,
Poa5,Data,AbilityData,-1,4,5,data,WESTRING_AEVAL_POA5,x0a004,stackFlags,,,0,0,0,,,0,1,1,1,1,AEpa,,1,
Ply1,Data,AbilityData,-1,4,1,data,WESTRING_AEVAL_PLY1,x0a000,int,,,0,1,0,0,100,0,1,1,1,1,"Aply,ACpy,AOhx,AChx",,1,
Ply2,Data,AbilityData,-1,4,2,data,WESTRING_AEVAL_PLY2,x0a001,unitList,,,0,1,0,,,0,1,1,1,1,"Aply,ACpy,AOhx,AChx",,1,
Ply3,Data,AbilityData,-1,4,3,data,WESTRING_AEVAL_PLY3,x0a002,unitList,,,0,1,0,,,0,1,1,1,1,"Aply,ACpy,AOhx,AChx",,1,
Ply4,Data,AbilityData,-1,4,4,data,WESTRING_AEVAL_PLY4,x0a003,unitList,,,0,1,0,,,0,1,1,1,1,"Aply,ACpy,AOhx,AChx",,1,
Ply5,Data,AbilityData,-1,4,5,data,WESTRING_AEVAL_PLY5,x0a005,unitList,,,0,1,0,,,0,1,1,1,1,"Aply,ACpy,AOhx,AChx",,1,
Pos1,Data,AbilityData,-1,4,1,data,WESTRING_AEVAL_POS1,x0a000,int,,,0,1,0,0,100,0,1,1,1,1,"Apos,ACps,Aps2",,1,
Pos2,Data,AbilityData,-1,4,2,data,WESTRING_AEVAL_POS2,,unreal,,,0,1,0,0,99999,0,1,1,1,1,Aps2,,1,
Pos3,Data,AbilityData,-1,4,3,data,WESTRING_AEVAL_POS3,,bool,,,0,1,0,,,0,1,1,1,1,Aps2,,1,
Pos4,Data,AbilityData,-1,4,4,data,WESTRING_AEVAL_POS4,,bool,,,0,1,0,,,0,1,1,1,1,Aps2,,1,
War1,Data,AbilityData,-1,4,1,data,WESTRING_AEVAL_WAR1,x0a000,unreal,,,0,1,0,0,1000,0,1,1,1,1,"Awar,ACpv",,1,
War2,Data,AbilityData,-1,4,2,data,WESTRING_AEVAL_WAR2,x0a001,unreal,,,0,1,0,0,99999,0,1,1,1,1,"Awar,ACpv",,1,
War3,Data,AbilityData,-1,4,3,data,WESTRING_AEVAL_WAR3,x0a002,unreal,,,0,1,0,0,99999,0,1,1,1,1,"Awar,ACpv",,1,
War4,Data,AbilityData,-1,4,4,data,WESTRING_AEVAL_WAR4,x0a003,unreal,,,0,1,0,0,99999,0,1,1,1,1,"Awar,ACpv",,1,
Prg1,Data,AbilityData,-1,4,1,data,WESTRING_AEVAL_PRG1,x0a000,int,,,0,1,0,0,100,0,1,1,1,1,"Aprg,ACpu,AIlp,AIpg",,1,
Prg2,Data,AbilityData,-1,4,2,data,WESTRING_AEVAL_PRG2,x0a001,int,,,0,1,0,0,100,0,1,1,1,1,"Aprg,ACpu,AIlp,AIpg",,1,
Prg3,Data,AbilityData,-1,4,3,data,WESTRING_AEVAL_PRG3,x0a002,unreal,,,0,1,0,0,99999,0,1,1,1,1,"Aprg,ACpu,AIlp,AIpg",,1,
Prg4,Data,AbilityData,-1,4,4,data,WESTRING_AEVAL_PRG4,x0a003,unreal,,,0,1,0,0,300,0,1,1,1,1,"Aprg,ACpu,AIlp,AIpg",,1,
Prg5,Data,AbilityData,-1,4,5,data,WESTRING_AEVAL_PRG5,x0a004,unreal,,,0,1,0,0,300,0,1,1,1,1,"Aprg,ACpu,AIlp,AIpg",,1,
Prg6,Data,AbilityData,-1,4,6,data,WESTRING_AEVAL_PRG6,x0a005,int,,,0,1,0,0,999999,0,1,1,1,1,"Aprg,ACpu,AIlp,AIpg,Apg2",,1,
Rai1,Data,AbilityData,-1,4,1,data,WESTRING_AEVAL_RAI1,x0a000,int,,,0,1,0,0,999,0,1,1,1,1,"Arai,ACrd,AUcb,AIrd,Avng",,1,
Rai2,Data,AbilityData,-1,4,2,data,WESTRING_AEVAL_RAI2,x0a002,int,,,0,1,0,0,999,0,1,1,1,1,"Arai,ACrd,AUcb,AIrd,Avng",,1,
Rai3,Data,AbilityData,-1,4,3,data,WESTRING_AEVAL_RAI3,x0a001,unitCode,,,0,1,0,,,0,1,1,1,1,"Arai,ACrd,AUcb,AIrd,Avng",,1,
Rai4,Data,AbilityData,-1,4,4,data,WESTRING_AEVAL_RAI4,x0a003,unitCode,,,0,1,0,,,0,1,1,1,1,"Arai,ACrd,AUcb,AIrd,Avng",,1,
Raiu,UnitID,AbilityData,-1,4,0,data,WESTRING_AEVAL_RAIU,x0a00u,unitCode,,,0,0,0,,,0,1,1,1,1,"Arai,ACrd,AIrd,Avng",,1,
Ucb5,Data,AbilityData,-1,4,5,data,WESTRING_AEVAL_UCB5,x0a005,int,,,0,0,0,0,24,0,1,1,1,1,"AUcb,Avng",,1,
Ucb6,Data,AbilityData,-1,4,6,data,WESTRING_AEVAL_UCB6,x0a006,bool,,,0,0,0,0,1,0,1,1,1,1,"AUcb,Avng",,1,
Rej1,Data,AbilityData,-1,4,1,data,WESTRING_AEVAL_REJ1,x0a000,unreal,,,0,1,0,0,99999,0,1,1,1,1,"Arej,ACrj,ACr2,Arpb,Arpl",,1,
Rej2,Data,AbilityData,-1,4,2,data,WESTRING_AEVAL_REJ2,x0a002,unreal,,,0,1,0,0,99999,0,1,1,1,1,"Arej,ACrj,ACr2,Arpb,Arpm",,1,
Rej3,Data,AbilityData,-1,4,3,data,WESTRING_AEVAL_REJ3,x0a003,fullFlags,,,0,1,0,,,0,1,1,1,1,"Arej,ACrj,ACr2",,1,
Rej4,Data,AbilityData,-1,4,4,data,WESTRING_AEVAL_REJ4,x0a004,bool,,,0,1,0,,,0,1,1,1,1,"Arej,ACrj,ACr2",,1,
Rpb3,Data,AbilityData,-1,4,3,data,WESTRING_AEVAL_RPB3,x0a000,unreal,,,0,1,0,0,99999,0,1,1,1,1,"Arpb,Arpl",,1,
Rpb4,Data,AbilityData,-1,4,4,data,WESTRING_AEVAL_RPB4,x0a002,unreal,,,0,1,0,0,99999,0,1,1,1,1,"Arpb,Arpm",,1,
Rpb5,Data,AbilityData,-1,4,5,data,WESTRING_AEVAL_RPB5,x0a003,int,,,0,0,0,0,100,0,1,1,1,1,"Arpb,Arpl,Arpm",,1,
Rpb6,Cast,AbilityData,-1,4,0,data,WESTRING_AEVAL_RPB6,x0a003,int,,,0,0,0,0,100,0,1,1,1,1,"Arpb,Arpl,Arpm",,1,
Rep1,Data,AbilityData,-1,4,1,data,WESTRING_AEVAL_REP1,x0a000,unreal,,,0,1,0,0,10,0,1,1,1,1,"Aren,Ahrp,Arep,Arst",,1,
Rep2,Data,AbilityData,-1,4,2,data,WESTRING_AEVAL_REP2,x0a001,unreal,,,0,1,0,0,10,0,1,1,1,1,"Aren,Ahrp,Arep,Arst",,1,
Rep3,Data,AbilityData,-1,4,3,data,WESTRING_AEVAL_REP3,x0a002,unreal,,,0,1,0,0,10,0,1,1,1,1,"Aren,Ahrp,Arep,Arst",,1,
Rep4,Data,AbilityData,-1,4,4,data,WESTRING_AEVAL_REP4,x0a003,unreal,,,0,1,0,0,10,0,1,1,1,1,"Aren,Ahrp,Arep,Arst",,1,
Rep5,Data,AbilityData,-1,4,5,data,WESTRING_AEVAL_REP5,x0a004,unreal,,,0,1,0,0,99999,0,1,1,1,1,"Aren,Ahrp,Arep,Arst",,1,
Rtn1,Data,AbilityData,-1,4,1,data,WESTRING_AEVAL_RTN1,x0a000,bool,,,0,1,0,0,1,0,1,1,1,1,"Artn,Argd,Argl,Arlm",,1,
Rtn2,Data,AbilityData,-1,4,2,data,WESTRING_AEVAL_RTN2,x0a001,bool,,,0,1,0,0,1,0,1,1,1,1,"Artn,Argd,Argl,Arlm",,1,
Roa1,Data,AbilityData,-1,4,1,data,WESTRING_AEVAL_ROA1,x0a000,unreal,,,0,1,0,0,10,0,1,1,1,1,"Aroa,Ara2,ACro,ACr1,AIrr,ANht",,1,
Roa2,Data,AbilityData,-1,4,2,data,WESTRING_AEVAL_ROA2,x0a001,int,,,0,1,0,0,99999,0,1,1,1,1,"Aroa,Ara2,ACro,ACr1,AIrr,ANht,ANbr",,1,
Roa3,Data,AbilityData,-1,4,3,data,WESTRING_AEVAL_ROA3,x0a002,unreal,,,0,1,0,0,99999,0,1,1,1,1,"Aroa,Ara2,ACro,ACr1,AIrr,ANht,ANbr",,1,
Roa4,Data,AbilityData,-1,4,4,data,WESTRING_AEVAL_ROA4,x0a003,unreal,,,0,1,0,0,99999,0,1,1,1,1,"Aroa,Ara2,ACro,ACr1,AIrr,ANht,ANbr,Ahnl",,1,
Roa5,Data,AbilityData,-1,4,5,data,WESTRING_AEVAL_ROA5,x0a004,bool,,,0,1,0,0,1,0,1,1,1,1,"Aroa,Ara2,ACro,ACr1,AIrr,ANht,ANbr,Ahnl",,1,
Roa6,Data,AbilityData,-1,4,6,data,WESTRING_AEVAL_ROA6,x0a005,bool,,,0,1,0,0,1,0,1,1,1,1,"Aroa,Ara2,ACro,ACr1,AIrr,ANht,ANbr,Ahnl",,1,
Roa7,Data,AbilityData,-1,4,7,data,WESTRING_AEVAL_ROA7,x0a006,int,,,0,1,0,0,100,0,1,1,1,1,"Aroa,Ara2,ACro,ACr1,AIrr,ANht,ANbr,Ahnl",,1,
Nbr1,Data,AbilityData,-1,4,1,data,WESTRING_AEVAL_NBR1,x0a000,unreal,,,0,1,0,0,99999,0,1,1,1,1,ANbr,,1,
Roo1,Data,AbilityData,-1,4,1,data,WESTRING_AEVAL_ROO1,x0a000,attackBits,,,0,1,0,0,2,0,1,1,1,1,"Aroo,Aro1,Aro2",,1,
Roo2,Data,AbilityData,-1,4,2,data,WESTRING_AEVAL_ROO2,x0a001,attackBits,,,0,1,0,0,2,0,1,1,1,1,"Aroo,Aro1,Aro2",,1,
Roo3,Data,AbilityData,-1,4,3,data,WESTRING_AEVAL_ROO3,x0a002,bool,,,0,1,0,0,1,0,1,1,1,1,"Aroo,Aro1,Aro2",,1,
Roo4,Data,AbilityData,-1,4,4,data,WESTRING_AEVAL_ROO4,,defenseTypeInt,,,0,1,0,,,0,1,1,1,1,"Aroo,Aro1,Aro2",,1,
Sal1,Data,AbilityData,-1,4,1,data,WESTRING_AEVAL_SAL1,x0a000,unreal,,,0,1,0,0,10,0,1,1,1,1,"Asal,Auns",,1,
Sal2,Data,AbilityData,-1,4,2,data,WESTRING_AEVAL_SAL2,x0a000,int,,,0,1,0,0,99999,0,1,1,1,1,"Asal,Auns",,1,
Esn1,Data,AbilityData,-1,4,1,data,WESTRING_AEVAL_ESN1,x0a000,unreal,,,0,1,0,0,99999,0,1,1,1,1,Aesn,,1,
Esn2,Data,AbilityData,-1,4,2,data,WESTRING_AEVAL_ESN2,x0a001,unreal,,,0,1,0,0,99999,0,1,1,1,1,Aesn,,1,
Esn3,Data,AbilityData,-1,4,3,data,WESTRING_AEVAL_ESN3,x0a002,unreal,,,0,1,0,0,99999,0,1,1,1,1,Aesn,,1,
Esn4,Data,AbilityData,-1,4,4,data,WESTRING_AEVAL_ESN4,x0a003,int,,,0,1,0,0,99999,0,1,1,1,1,Aesn,,1,
Shm1,Data,AbilityData,-1,4,1,data,WESTRING_AEVAL_SHM1,x0a000,unreal,,,0,1,0,"0,001",300,0,1,1,1,1,"Ashm,Sshm,Ahid",,1,
Shm2,Data,AbilityData,-1,4,2,data,WESTRING_AEVAL_SHM2,x0a001,unreal,,,0,1,0,"0,001",300,0,1,1,1,1,"Ashm,Sshm,Ahid",,1,
Shm3,Data,AbilityData,-1,4,3,data,WESTRING_AEVAL_SHM3,x0a002,unreal,,,0,1,0,"0,001",300,0,1,1,1,1,"Ashm,Sshm,Ahid",,1,
Slo1,Data,AbilityData,-1,4,1,data,WESTRING_AEVAL_SLO1,x0a000,unreal,,,0,1,0,-10,10,0,1,1,1,1,"Aslo,ACsw,AIos,Aasl",,1,
Slo2,Data,AbilityData,-1,4,2,data,WESTRING_AEVAL_SLO2,x0a001,unreal,,,0,1,0,-10,10,0,1,1,1,1,"Aslo,ACsw,AIos,Aasl",,1,
Slo3,Data,AbilityData,-1,4,3,data,WESTRING_AEVAL_SLO3,x0a002,bool,,,0,1,0,0,1,0,1,1,1,1,"Aslo,ACsw,AIos,Aasl",,1,
Spo1,Data,AbilityData,-1,4,1,data,WESTRING_AEVAL_SPO1,x0a000,unreal,,,0,1,0,0,99999,0,1,1,1,1,Aspo,,1,
Spo2,Data,AbilityData,-1,4,2,data,WESTRING_AEVAL_SPO2,x0a001,unreal,,,0,1,0,0,10,0,1,1,1,1,Aspo,,1,
Spo3,Data,AbilityData,-1,4,3,data,WESTRING_AEVAL_SPO3,x0a002,unreal,,,0,1,0,0,10,0,1,1,1,1,Aspo,,1,
Spo4,Data,AbilityData,-1,4,4,data,WESTRING_AEVAL_SPO4,x0a003,stackFlags,,,0,0,0,,,0,1,1,1,1,Aspo,,1,
Sod1,Data,AbilityData,-1,4,1,data,WESTRING_AEVAL_SOD1,x0a000,int,,,0,1,0,0,10,0,1,1,1,1,"Asod,Assp,Aspd,Aspy,Aspt",,1,
Sod2,Data,AbilityData,-1,4,2,data,WESTRING_AEVAL_SOD2,x0a000,unitCode,,,0,1,0,,,0,1,1,1,1,"Asod,Assp,Aspd,Aspy,Aspt",,1,
Spa1,Data,AbilityData,-1,4,1,data,WESTRING_AEVAL_SPA1,x0a000,int,,,0,1,0,0,10,0,1,1,1,1,Aspa,,1,
Sta1,Data,AbilityData,-1,4,1,data,WESTRING_AEVAL_STA1,x0a000,unreal,,,0,1,0,"0,001",300,0,1,1,1,1,Asta,,1,
Sta2,Data,AbilityData,-1,4,2,data,WESTRING_AEVAL_STA2,x0a001,unreal,,,0,1,0,0,99999,0,1,1,1,1,Asta,,1,
Sta3,Data,AbilityData,-1,4,3,data,WESTRING_AEVAL_STA3,x0a002,unreal,,,0,1,0,0,99999,0,1,1,1,1,Asta,,1,
Sta4,Data,AbilityData,-1,4,4,data,WESTRING_AEVAL_STA4,x0a003,unreal,,,0,1,0,"0,001",300,0,1,1,1,1,Asta,,1,
Stau,UnitID,AbilityData,-1,4,0,data,WESTRING_AEVAL_STAU,x0a00u,unitCode,,,0,0,0,,,0,1,1,1,1,Asta,,1,
Uhf1,Data,AbilityData,-1,4,1,data,WESTRING_AEVAL_UHF1,x0a000,unreal,,,0,1,0,0,10,0,1,1,1,1,"Auhf,Suhf,ACuf",,1,
Uhf2,Data,AbilityData,-1,4,2,data,WESTRING_AEVAL_UHF2,x0a001,unreal,,,0,1,0,0,99999,0,1,1,1,1,"Auhf,Suhf,ACuf",,1,
Wha1,Data,AbilityData,-1,4,1,data,WESTRING_AEVAL_WHA1,x0a000,unreal,,,0,1,0,0,99999,0,1,1,1,1,"Awha,Awh2",,1,
Wha2,Data,AbilityData,-1,4,2,data,WESTRING_AEVAL_WHA2,x0a001,int,,,0,1,0,0,99999,0,1,1,1,1,"Awha,Awh2",,1,
Wha3,Data,AbilityData,-1,4,3,data,WESTRING_AEVAL_WHA3,x0a002,unreal,,,0,1,0,0,99999,0,1,1,1,1,"Awha,Awh2",,1,
Wrp1,Data,AbilityData,-1,4,1,data,WESTRING_AEVAL_WRP1,x0a000,unreal,,,0,1,0,0,99999,0,1,1,1,1,Awrp,,1,
Wrp2,Data,AbilityData,-1,4,2,data,WESTRING_AEVAL_WRP2,x0a001,unreal,,,0,1,0,0,99999,0,1,1,1,1,Awrp,,1,
Iagi,Data,AbilityData,-1,4,1,data,WESTRING_AEVAL_IAGI,x0i001,int,,,0,1,0,0,99999,0,1,1,1,1,"Aamk,AIab,AIa1,AIa3,AIa4,AIa6,AIx5,AIx1,AIx2,AIs1,AIs3,AIs4,AIs6,AIi1,AIi3,AIi4,AIi6,AIxm,AIam,AIim,AIsm,AIgm,AItm,AInm",,1,
Iint,Data,AbilityData,-1,4,2,data,WESTRING_AEVAL_IINT,x0i002,int,,,0,1,0,0,99999,0,1,1,1,1,"Aamk,AIab,AIa1,AIa3,AIa4,AIa6,AIx5,AIx1,AIx2,AIs1,AIs3,AIs4,AIs6,AIi1,AIi3,AIi4,AIi6,AIxm,AIam,AIim,AIsm,AIgm,AItm,AInm",,1,
Istr,Data,AbilityData,-1,4,3,data,WESTRING_AEVAL_ISTR,x0i003,int,,,0,1,0,0,99999,0,1,1,1,1,"Aamk,AIab,AIa1,AIa3,AIa4,AIa6,AIx5,AIx1,AIx2,AIs1,AIs3,AIs4,AIs6,AIi1,AIi3,AIi4,AIi6,AIxm,AIam,AIim,AIsm,AIgm,AItm,AInm",,1,
Ihid,Data,AbilityData,-1,4,4,data,WESTRING_AEVAL_IHID,x0i003,bool,,,0,1,0,0,1,0,1,1,1,1,"Aamk,AIab,AIa1,AIa3,AIa4,AIa6,AIx5,AIx1,AIx2,AIs1,AIs3,AIs4,AIs6,AIi1,AIi3,AIi4,AIi6,AIxm,AIam,AIim,AIsm,AIgm,AItm,AInm",,1,
Iatt,Data,AbilityData,-1,4,1,data,WESTRING_AEVAL_IATT,x0i004,int,,,0,1,0,0,99999,0,1,1,1,1,"AIat,AIt6,AIt9,AItc,AItf,AItg,AIth,AIti,AItj,AItk,AItl,AItn",,1,
Idef,Data,AbilityData,-1,4,1,data,WESTRING_AEVAL_IDEF,x0i005,int,,,0,1,0,0,99999,0,1,1,1,1,"AIde,AId1,AId2,AId3,AId4,AId5,AIda,AIdb",,1,
Isn1,Data,AbilityData,-1,4,1,data,WESTRING_AEVAL_ISN1,x0i006,int,,,0,1,0,0,32,0,1,1,1,1,"AIfd,AIff,AIfr,AIfu,AIfh,AIfs,AIir,AIuw",,1,
Ist1,Data,AbilityData,-1,4,3,data,WESTRING_AEVAL_IST1,x0i007,unitCode,,,0,1,0,,,0,1,1,1,1,"AIfd,AIff,AIfr,AIfu,AIfh,AIfs,AIir,AIuw",,1,
Isn2,Data,AbilityData,-1,4,2,data,WESTRING_AEVAL_ISN2,x0i008,int,,,0,1,0,0,32,0,1,1,1,1,"AIfd,AIff,AIfr,AIfu,AIfh,AIfs,AIir,AIuw",,1,
Ist2,Data,AbilityData,-1,4,4,data,WESTRING_AEVAL_IST2,x0i009,unitCode,,,0,1,0,,,0,1,1,1,1,"AIfd,AIff,AIfr,AIfu,AIfh,AIfs,AIir,AIuw",,1,
Ixpg,Data,AbilityData,-1,4,1,data,WESTRING_AEVAL_IXPG,x0i010,int,,,0,1,0,0,99999,0,1,1,1,1,"AIem,AIe2",,1,
Ihpg,Data,AbilityData,-1,4,1,data,WESTRING_AEVAL_IHPG,x0i011,int,,,0,1,0,0,99999,0,1,1,1,1,"AIhe,AIh1,AIh2,AIh3,AIha,AIhb",,1,
Impg,Data,AbilityData,-1,4,1,data,WESTRING_AEVAL_IMPG,x0i012,int,,,0,1,0,0,99999,0,1,1,1,1,"AIm1,AIm2,AImr",,1,
Ihp2,Data,AbilityData,-1,4,2,data,WESTRING_AEVAL_IHPG,x0i012,int,,,0,1,0,0,99999,0,1,1,1,1,"AIda,AIdb",,1,
Imp2,Data,AbilityData,-1,4,3,data,WESTRING_AEVAL_IMPG,x0i013,int,,,0,1,0,0,99999,0,1,1,1,1,"AIda,AIdb",,1,
Ivam,Data,AbilityData,-1,4,1,data,WESTRING_AEVAL_IVAM,x0i014,unreal,,,0,1,0,0,99999,0,1,1,1,1,"AIva,SCva",,1,
Idic,Data,AbilityData,-1,4,1,data,WESTRING_AEVAL_IDIC,x0i015,int,,,0,1,0,0,99999,0,1,1,1,1,"AIcb,AIlb,AIpb",,1,
Iarp,Data,AbilityData,-1,4,2,data,WESTRING_AEVAL_IARP,x0i016,int,,,0,1,0,0,99999,0,1,1,1,1,AIcb,,1,
Idam,Data,AbilityData,-1,4,1,data,WESTRING_AEVAL_IDAM,x0i017,unreal,,,0,1,0,0,99999,0,1,1,1,1,"AIdf,AIfb,AIzb,AIob,AIll,AIlb,AIsb,AIpb",,1,
Iob5,Data,AbilityData,-1,4,5,data,WESTRING_AEVAL_IOB5,x0a005,int,,,0,0,0,0,2,0,1,1,1,1,"AIdf,AIcb,AIfb,AIzb,AIob,AIll,AIlb,AIsb,AIpb",,1,
Iob2,Data,AbilityData,-1,4,2,data,WESTRING_AEVAL_IOB2,x0a002,unreal,,,0,0,0,0,100,0,1,1,1,1,"AIdf,AIll,AIsb",,1,
Iob3,Data,AbilityData,-1,4,3,data,WESTRING_AEVAL_IOB3,x0a003,unreal,,,0,0,0,0,100,0,1,1,1,1,"AIdf,AIll,AIsb",,1,
Iob4,Data,AbilityData,-1,4,4,data,WESTRING_AEVAL_IOB4,x0a004,unreal,,,0,0,0,0,100,0,1,1,1,1,"AIdf,AIll,AIsb",,1,
Iobu,UnitID,AbilityData,-1,4,0,data,WESTRING_AEVAL_IOBU,x0a00u,abilCode,,,0,0,0,,,0,1,1,1,1,"AIdf,AIll,AIsb",,1,
Ilev,Data,AbilityData,-1,4,1,data,WESTRING_AEVAL_ILEV,x0i018,int,,,0,1,0,0,10,0,1,1,1,1,AIlm,,1,
Ilif,Data,AbilityData,-1,4,1,data,WESTRING_AEVAL_ILIF,x0i019,int,,,0,1,0,0,99999,0,1,1,1,1,"AIml,AImi,AIlf,AIl1,AIl2,AImh",,1,
Iman,Data,AbilityData,-1,4,1,data,WESTRING_AEVAL_IMAN,x0i019,int,,,0,1,0,0,99999,0,1,1,1,1,"AImm,AImb,AIbm",,1,
Igol,Data,AbilityData,-1,4,1,data,WESTRING_AEVAL_IGOL,x0i020,int,,,0,1,0,0,1000000,0,1,1,1,1,AIgo,,1,
Ilum,Data,AbilityData,-1,4,1,data,WESTRING_AEVAL_ILUM,x0i021,int,,,0,1,0,0,1000000,0,1,1,1,1,AIlu,,1,
Ifa1,Data,AbilityData,-1,4,1,data,WESTRING_AEVAL_DET1,x0a001,detectionType,,,0,0,0,,,0,1,1,1,1,AIfa,,1,
Idel,Data,AbilityData,-1,4,2,data,WESTRING_AEVAL_IDEL,x0i022,unreal,,,0,1,0,0,99999,0,1,1,1,1,AIfa,,1,
Icre,Data,AbilityData,-1,4,1,data,WESTRING_AEVAL_ICRE,x0i023,int,,,0,1,0,0,100,0,1,1,1,1,AIco,,1,
Imvb,Data,AbilityData,-1,4,1,data,WESTRING_AEVAL_IMVB,x0i027,int,,,0,1,0,0,99999,0,1,1,1,1,AIms,,1,
Ihpr,Data,AbilityData,-1,4,1,data,WESTRING_AEVAL_IHPR,x0i028,int,,,0,1,0,0,99999,0,1,1,1,1,"Arel,Arll",,1,
Isib,Data,AbilityData,-1,4,1,data,WESTRING_AEVAL_ISIB,x0i029,int,,,0,1,0,0,99999,0,1,1,1,1,AIsi,,1,
Icfd,Data,AbilityData,-1,4,1,data,WESTRING_AEVAL_ICFD,x0i030,int,,,0,1,0,0,99999,0,1,1,1,1,AIcf,,1,
Icfm,Data,AbilityData,-1,4,2,data,WESTRING_AEVAL_ICFM,x0i031,int,,,0,1,0,0,99999,0,1,1,1,1,AIcf,,1,
Icfx,Data,AbilityData,-1,4,3,data,WESTRING_AEVAL_ICFX,x0i032,int,,,0,1,0,0,99999,0,1,1,1,1,AIcf,,1,
Idet,Data,AbilityData,-1,4,1,data,WESTRING_AEVAL_IDET,x0i033,detectionType,,,0,1,0,0,99999,0,1,1,1,1,AIta,,1,
Idim,Data,AbilityData,-1,4,1,data,WESTRING_AEVAL_IDIM,x0i034,int,,,0,1,0,0,99999,0,1,1,1,1,"AIdi,AIds",,1,
Idid,Data,AbilityData,-1,4,2,data,WESTRING_AEVAL_IDID,x0i035,int,,,0,1,0,0,99999,0,1,1,1,1,"AIdi,AIds",,1,
Iild,Data,AbilityData,-1,4,1,data,WESTRING_AEVAL_IILD,x0i036,unreal,,,0,1,0,0,100,0,1,1,1,1,AIil,,1,
Iilw,Data,AbilityData,-1,4,2,data,WESTRING_AEVAL_IILW,x0i037,unreal,,,0,1,0,0,99999,0,1,1,1,1,AIil,,1,
Irec,Data,AbilityData,-1,4,1,data,WESTRING_AEVAL_IREC,x0i038,int,,,0,1,0,0,100,0,1,1,1,1,AIrt,,1,
Imrp,Data,AbilityData,-1,4,1,data,WESTRING_AEVAL_IMRP,x0i039,unreal,,,0,1,0,0,99999,0,1,1,1,1,"AIrm,AIrn",,1,
Ircd,Data,AbilityData,-1,4,1,data,WESTRING_AEVAL_IRCD,x0i040,int,,,0,1,0,0,99999,0,1,1,1,1,AIrc,,1,
irc2,Data,AbilityData,-1,4,2,data,WESTRING_AEVAL_IRC2,x0a002,int,,,0,0,0,1,1000000,0,1,1,1,1,AIrc,,1,
irc3,Data,AbilityData,-1,4,3,data,WESTRING_AEVAL_IRC3,x0a003,int,,,0,0,0,-1,1000000,0,1,1,1,1,AIrc,,1,
Ihps,Data,AbilityData,-1,4,1,data,WESTRING_AEVAL_IHPS,x0i041,int,,,0,1,0,0,99999,0,1,1,1,1,"AIre,AIra",,1,
Imps,Data,AbilityData,-1,4,2,data,WESTRING_AEVAL_IMPS,x0i042,int,,,0,1,0,0,99999,0,1,1,1,1,"AIre,AIra",,1,
Ispi,Data,AbilityData,-1,4,1,data,WESTRING_AEVAL_ISPI,x0i044,unreal,,,0,1,0,0,99999,0,1,1,1,1,"AIsp,AIsa",,1,
Itpm,Data,AbilityData,-1,4,1,data,WESTRING_AEVAL_ITPM,x0i045,int,,,0,1,0,0,99999,0,1,1,1,1,AItp,,1,
Itp2,Data,AbilityData,-1,4,2,data,WESTRING_AEVAL_ITP2,x0a002,bool,,,0,1,0,,,0,1,1,1,1,"AItp,AIrt",,1,
Idps,Data,AbilityData,-1,4,1,data,WESTRING_AEVAL_IDPS,x0i046,unreal,,,0,1,0,0,99999,0,1,1,1,1,AIls,,1,
Cad1,Data,AbilityData,-1,4,1,data,WESTRING_AEVAL_CAD1,x0a000,int,,,0,1,0,0,999,0,1,1,1,1,"ACad,AIan",,1,
Cac1,Data,AbilityData,-1,4,1,data,WESTRING_AEVAL_CAC1,x0a000,unreal,,,0,1,0,0,99999,0,1,1,1,1,"ACac,AIcd",,1,
Cor1,Data,AbilityData,-1,4,1,data,WESTRING_AEVAL_COR1,x0a000,unreal,,,0,1,0,0,99999,0,1,1,1,1,Acor,,1,
Isx1,Data,AbilityData,-1,4,1,data,WESTRING_AEVAL_ISX1,x0a000,unreal,,,0,1,0,0,99999,0,1,1,1,1,"AIas,AIsx,AIs2",,1,
Wrs1,Data,AbilityData,-1,4,1,data,WESTRING_AEVAL_WRS1,x0a000,unreal,,,0,1,0,0,99999,0,1,1,1,1,"Awrs,Ahrs,Awrh,Awrg,AOws",,1,
Wrs2,Data,AbilityData,-1,4,2,data,WESTRING_AEVAL_WRS2,x0a001,unreal,,,0,1,0,-1000,1000,0,1,1,1,1,"Awrs,Ahrs,Awrh,Awrg",,1,
Wrs3,Data,AbilityData,-1,4,3,data,WESTRING_AEVAL_WRS3,x0a002,int,,,0,1,0,0,99999,0,1,1,1,1,"Awrs,Ahrs,Awrh,Awrg",,1,
Ctc1,Data,AbilityData,-1,4,1,data,WESTRING_AEVAL_CTC1,x0a000,unreal,,,0,1,0,0,99999,0,1,1,1,1,"ACtc,ACt2",,1,
Ctc2,Data,AbilityData,-1,4,2,data,WESTRING_AEVAL_CTC2,x0a001,unreal,,,0,1,0,0,99999,0,1,1,1,1,"ACtc,ACt2",,1,
Ctc3,Data,AbilityData,-1,4,3,data,WESTRING_AEVAL_CTC3,x0a002,unreal,,,0,1,0,0,99999,0,1,1,1,1,"ACtc,ACt2",,1,
Ctc4,Data,AbilityData,-1,4,4,data,WESTRING_AEVAL_CTC4,x0a003,unreal,,,0,1,0,0,99999,0,1,1,1,1,"ACtc,ACt2",,1,
Ctb1,Data,AbilityData,-1,4,1,data,WESTRING_AEVAL_CTB1,x0a000,unreal,,,0,1,0,0,99999,0,1,1,1,1,ACtb,,1,
Ibl1,UnitID,AbilityData,-1,4,0,data,WESTRING_AEVAL_IBL1,x0a000,unitList,,,0,1,0,4,4,0,1,1,1,1,"AIbl,AIbg,AIbt",,1,
Uds1,Data,AbilityData,-1,4,1,data,WESTRING_AEVAL_UDS1,x0a000,int,,,0,1,0,0,90,0,1,1,1,1,AUds,,1,
Uds2,Data,AbilityData,-1,4,2,data,WESTRING_AEVAL_UDS2,x0a001,unreal,,,0,1,0,0,99999,0,1,1,1,1,AUds,,1,
Ndc1,Data,AbilityData,-1,4,1,data,WESTRING_AEVAL_NDC1,x0a000,unitRace,,,0,1,0,,,0,1,1,1,1,"ANdc,SNdc",,1,
Ndc2,UnitID,AbilityData,-1,4,0,data,WESTRING_AEVAL_NDC2,x0a001,unitCode,,,0,1,0,,,0,1,1,1,1,"ANdc,SNdc",,1,
Nsl1,UnitID,AbilityData,-1,4,0,data,WESTRING_AEVAL_NSL1,x0a000,unitCode,,,0,1,0,,,0,1,1,1,1,ANsl,,1,
Chl1,UnitID,AbilityData,-1,4,0,data,WESTRING_AEVAL_CHL1,x0a000,unitCode,,,0,1,0,,,0,1,1,1,1,Achl,,1,
Det1,Data,AbilityData,-1,4,1,data,WESTRING_AEVAL_DET1,x0a000,detectionType,,,0,1,0,,,0,1,1,1,1,"Adet,Adt1,Atru,Agyv,Adts,Adtg,Abdt,AIrv,AItb",,1,
Dtn1,Data,AbilityData,-1,4,1,data,WESTRING_AEVAL_DTN1,x0a000,unreal,,,0,1,0,0,99999,0,1,1,1,1,Adtn,,1,
Dtn2,Data,AbilityData,-1,4,2,data,WESTRING_AEVAL_DTN2,x0a001,unreal,,,0,1,0,0,99999,0,1,1,1,1,Adtn,,1,
Eth1,Data,AbilityData,-1,4,1,data,WESTRING_AEVAL_ETH1,x0a000,bool,,,0,1,0,,,0,1,1,1,1,Aeth,,1,
Eth2,Data,AbilityData,-1,4,2,data,WESTRING_AEVAL_ETH2,x0a001,bool,,,0,1,0,,,0,1,1,1,1,Aeth,,1,
Gho1,Data,AbilityData,-1,4,1,data,WESTRING_AEVAL_GHO1,x0a000,bool,,,0,1,0,,,0,1,1,1,1,"Agho,Apiv",,1,
Gho2,Data,AbilityData,-1,4,2,data,WESTRING_AEVAL_GHO2,x0a001,bool,,,0,1,0,,,0,1,1,1,1,Agho,,1,
Gho3,Data,AbilityData,-1,4,3,data,WESTRING_AEVAL_GHO3,x0a002,bool,,,0,1,0,,,0,1,1,1,1,Agho,,1,
Ivs1,Data,AbilityData,-1,4,1,data,WESTRING_AEVAL_IVS1,x0a000,unreal,,,0,1,0,0,99999,0,1,1,1,1,Aivs,,1,
Nmr1,Data,AbilityData,-1,4,1,data,WESTRING_AEVAL_NMR1,x0a000,unreal,,,0,1,0,0,99999,0,1,1,1,1,ANmr,,1,
Nsp1,Data,AbilityData,-1,4,1,data,WESTRING_AEVAL_NSP1,x0a000,int,,,0,1,0,0,99999,0,1,1,1,1,Ansp,,1,
Nsp2,Data,AbilityData,-1,4,2,data,WESTRING_AEVAL_NSP2,x0a001,int,,,0,1,0,0,99999,0,1,1,1,1,Ansp,,1,
Nsp3,Data,AbilityData,-1,4,3,data,WESTRING_AEVAL_NSP3,x0a002,detectionType,,,0,1,0,,,0,1,1,1,1,Ansp,,1,
Ssk1,Data,AbilityData,-1,4,1,data,WESTRING_AEVAL_SSK1,x0a000,unreal,,,0,1,0,0,100,0,1,1,1,1,Assk,,1,
Ssk2,Data,AbilityData,-1,4,2,data,WESTRING_AEVAL_SSK2,x0a001,unreal,,,0,1,0,0,99999,0,1,1,1,1,Assk,,1,
Ssk3,Data,AbilityData,-1,4,3,data,WESTRING_AEVAL_SSK3,x0a003,unreal,,,0,1,0,0,99999,0,1,1,1,1,Assk,,1,
Ssk4,Data,AbilityData,-1,4,4,data,WESTRING_AEVAL_SSK4,x0a004,bool,,,0,1,0,,,0,1,1,1,1,Assk,,1,
Ssk5,Data,AbilityData,-1,4,5,data,WESTRING_AEVAL_SSK5,x0a005,bool,,,0,1,0,,,0,1,1,1,1,Assk,,1,
Hfs1,Data,AbilityData,-1,4,1,data,WESTRING_AEVAL_HFS1,x0a001,unreal,,,0,1,0,0,99999,0,1,1,1,1,"AHfs,ACfs,Abof",,1,
Hfs2,Data,AbilityData,-1,4,2,data,WESTRING_AEVAL_HFS2,x0a002,unreal,,,0,1,0,0,99999,0,1,1,1,1,"AHfs,ACfs,Abof",,1,
Hfs3,Data,AbilityData,-1,4,3,data,WESTRING_AEVAL_HFS3,x0a003,unreal,,,0,1,0,0,99999,0,1,1,1,1,"AHfs,ACfs,Abof",,1,
Hfs4,Data,AbilityData,-1,4,4,data,WESTRING_AEVAL_HFS4,x0a004,unreal,,,0,1,0,0,99999,0,1,1,1,1,"AHfs,ACfs,Abof",,1,
Hfs5,Data,AbilityData,-1,4,5,data,WESTRING_AEVAL_HFS5,x0a005,unreal,,,0,1,0,0,99999,0,1,1,1,1,"AHfs,ACfs,Abof",,1,
Hfs6,Data,AbilityData,-1,4,6,data,WESTRING_AEVAL_HFS6,x0a006,unreal,,,0,1,0,0,99999,0,1,1,1,1,"AHfs,ACfs,Abof",,1,
Nms1,Data,AbilityData,-1,4,1,data,WESTRING_AEVAL_NMS1,x0a001,unreal,,,0,1,0,0,10,0,1,1,1,1,"ANms,ACmf",,1,
Nms2,Data,AbilityData,-1,4,2,data,WESTRING_AEVAL_NMS2,x0a002,unreal,,,0,1,0,0,10,0,1,1,1,1,"ANms,ACmf",,1,
Uim1,Data,AbilityData,-1,4,1,data,WESTRING_AEVAL_UIM1,x0a001,unreal,,,0,1,0,0,99999,0,1,1,1,1,"AUim,ACmp",,1,
Uim2,Data,AbilityData,-1,4,2,data,WESTRING_AEVAL_UIM2,x0a002,unreal,,,0,1,0,0,99999,0,1,1,1,1,"AUim,ACmp",,1,
Uim3,Data,AbilityData,-1,4,3,data,WESTRING_AEVAL_UIM3,x0a003,unreal,,,0,1,0,0,99999,0,1,1,1,1,"AUim,ACmp",,1,
Uim4,Data,AbilityData,-1,4,4,data,WESTRING_AEVAL_UIM4,x0a004,unreal,,,0,1,0,0,99999,0,1,1,1,1,"AUim,ACmp",,1,
Uls1,Data,AbilityData,-1,4,1,data,WESTRING_AEVAL_ULS1,x0a001,int,,,0,1,0,0,100,0,1,1,1,1,AUls,,1,
Uls2,Data,AbilityData,-1,4,2,data,WESTRING_AEVAL_ULS2,x0a002,unreal,,,0,1,0,0,99999,0,1,1,1,1,AUls,,1,
Uls3,Data,AbilityData,-1,4,3,data,WESTRING_AEVAL_ULS3,x0a003,int,,,0,1,0,0,100,0,1,1,1,1,AUls,,1,
Uls4,Data,AbilityData,-1,4,4,data,WESTRING_AEVAL_ULS4,x0a004,unreal,,,0,1,0,0,100,0,1,1,1,1,AUls,,1,
Uls5,Data,AbilityData,-1,4,5,data,WESTRING_AEVAL_ULS5,x0a005,unreal,,,0,1,0,0,99999,0,1,1,1,1,AUls,,1,
Ulsu,UnitID,AbilityData,-1,4,0,data,WESTRING_AEVAL_ULSU,x0a00u,unitCode,,,0,1,0,,,0,1,1,1,1,AUls,,1,
Uts1,Data,AbilityData,-1,4,1,data,WESTRING_AEVAL_UTS1,x0a001,unreal,,,0,1,0,0,100,0,1,1,1,1,"AUts,ANth",,1,
Uts2,Data,AbilityData,-1,4,2,data,WESTRING_AEVAL_UTS2,x0a002,unreal,,,0,1,0,0,100,0,1,1,1,1,"AUts,ANth",,1,
Uts3,Data,AbilityData,-1,4,3,data,WESTRING_AEVAL_UTS3,x0a003,unreal,,,0,1,0,0,99999,0,1,1,1,1,"AUts,ANth",,1,
Nba1,Data,AbilityData,-1,4,1,data,WESTRING_AEVAL_NBA1,x0a001,unreal,,,0,1,0,0,99999,0,1,1,1,1,"ANba,ANbs",,1,
Nba2,Data,AbilityData,-1,4,2,data,WESTRING_AEVAL_NBA2,x0a002,int,,,0,1,0,0,100,0,1,1,1,1,"ANba,ANbs",,1,
Nba3,Data,AbilityData,-1,4,3,data,WESTRING_AEVAL_NBA3,x0a003,unreal,,,0,1,0,0,99999,0,1,1,1,1,"ANba,ANbs",,1,
Nbau,UnitID,AbilityData,-1,4,0,data,WESTRING_AEVAL_NBAU,x0a00u,unitCode,,,0,1,0,,,0,1,1,1,1,"ANba,ANbs",,1,
Nch1,Data,AbilityData,-1,4,1,data,WESTRING_AEVAL_NCH1,x0a001,int,,,0,1,0,0,100,0,1,1,1,1,"ANch,ACch,Acmg",,1,
Cmg2,Data,AbilityData,-1,4,2,data,WESTRING_AEVAL_CMG2,x0a002,unreal,,,0,1,0,0,99999,0,1,1,1,1,Acmg,,1,
Cmg3,Data,AbilityData,-1,4,3,data,WESTRING_AEVAL_CMG3,x0a003,unreal,,,0,1,0,0,99999,0,1,1,1,1,Acmg,,1,
Ndr1,Data,AbilityData,-1,4,1,data,WESTRING_AEVAL_NDR1,x0a001,unreal,,,0,1,0,0,99999,0,1,1,1,1,"ANdr,AHdr",,1,
Ndr2,Data,AbilityData,-1,4,2,data,WESTRING_AEVAL_NDR2,x0a002,unreal,,,0,1,0,0,99999,0,1,1,1,1,"ANdr,AHdr",,1,
Ndr3,Data,AbilityData,-1,4,3,data,WESTRING_AEVAL_NDR3,x0a003,unreal,,,0,1,0,0,99999,0,1,1,1,1,"ANdr,AHdr",,1,
Ndr4,Data,AbilityData,-1,4,4,data,WESTRING_AEVAL_NDR4,x0a004,unreal,,,0,1,0,0,99999,0,1,1,1,1,"ANdr,AHdr,ACdr,ACsm",,1,
Ndr5,Data,AbilityData,-1,4,5,data,WESTRING_AEVAL_NDR5,x0a005,unreal,,,0,1,0,0,99999,0,1,1,1,1,"ANdr,AHdr,ACdr,ACsm",,1,
Ndr6,Data,AbilityData,-1,4,6,data,WESTRING_AEVAL_NDR6,x0a006,unreal,,,0,1,0,0,99999,0,1,1,1,1,"ANdr,AHdr,ACdr,ACsm",,1,
Ndr7,Data,AbilityData,-1,4,7,data,WESTRING_AEVAL_NDR8,x0a007,unreal,,,0,1,0,0,99999,0,1,1,1,1,"ANdr,AHdr,ACdr,ACsm",,1,
Ndr8,Data,AbilityData,-1,4,8,data,WESTRING_AEVAL_NDR7,x0a008,unreal,,,0,1,0,0,99999,0,1,1,1,1,"ANdr,AHdr,ACdr,ACsm",,1,
Ndr9,Data,AbilityData,-1,4,9,data,WESTRING_AEVAL_NDR9,x0a009,unreal,,,0,1,0,0,99999,0,1,1,1,1,"ANdr,AHdr,ACdr,ACsm",,1,
Nsi1,Data,AbilityData,-1,4,1,data,WESTRING_AEVAL_NSI1,x0a001,silenceFlags,,,0,1,0,0,15,0,1,1,1,1,"ANsi,ACsi,ANdh,Aclf,AIse,AIfg",,1,
Nsi2,Data,AbilityData,-1,4,2,data,WESTRING_AEVAL_NSI2,x0a002,unreal,,,0,1,0,0,99999,0,1,1,1,1,"ANsi,ACsi,ANdh,Aclf,AIse,AIfg",,1,
Nsi3,Data,AbilityData,-1,4,3,data,WESTRING_AEVAL_NSI3,x0a003,unreal,,,0,1,0,0,99999,0,1,1,1,1,"ANsi,ACsi,ANdh,Aclf,AIse,AIfg",,1,
Nsi4,Data,AbilityData,-1,4,4,data,WESTRING_AEVAL_NSI4,x0a004,unreal,,,0,1,0,0,99999,0,1,1,1,1,"ANsi,ACsi,ANdh,Aclf,AIse,AIfg",,1,
Ntou,UnitID,AbilityData,-1,4,0,data,WESTRING_AEVAL_NTOU,x0a001,unitCode,,,0,1,0,,,0,1,1,1,1,ANto,,1,
Tdg1,Data,AbilityData,-1,4,1,data,WESTRING_AEVAL_TDG1,x0a001,unreal,,,0,1,0,0,99999,0,1,1,1,1,Atdg,,1,
Tdg2,Data,AbilityData,-1,4,2,data,WESTRING_AEVAL_TDG2,x0a002,unreal,,,0,1,0,0,99999,0,1,1,1,1,Atdg,,1,
Tdg3,Data,AbilityData,-1,4,3,data,WESTRING_AEVAL_TDG3,x0a003,unreal,,,0,1,0,0,99999,0,1,1,1,1,Atdg,,1,
Tdg4,Data,AbilityData,-1,4,4,data,WESTRING_AEVAL_TDG4,x0a004,unreal,,,0,1,0,0,99999,0,1,1,1,1,Atdg,,1,
Tdg5,Data,AbilityData,-1,4,5,data,WESTRING_AEVAL_TDG5,x0a005,unreal,,,0,1,0,0,99999,0,1,1,1,1,Atdg,,1,
Tsp1,Data,AbilityData,-1,4,1,data,WESTRING_AEVAL_TSP1,x0a001,unreal,,,0,1,0,0,99999,0,1,1,1,1,Atsp,,1,
Tsp2,Data,AbilityData,-1,4,2,data,WESTRING_AEVAL_TSP2,x0a002,unreal,,,0,1,0,0,99999,0,1,1,1,1,Atsp,,1,
Nbf5,Data,AbilityData,-1,4,5,data,WESTRING_AEVAL_NBF5,x0a005,unreal,,,0,1,0,0,99999,0,1,1,1,1,"ANbf,ACbc,ACbf",,1,
Ebl1,Data,AbilityData,-1,4,1,data,WESTRING_AEVAL_EBL1,x0a001,unreal,,,0,1,0,0,99999,0,1,1,1,1,AEbl,,1,
Ebl2,Data,AbilityData,-1,4,2,data,WESTRING_AEVAL_EBL2,x0a002,unreal,,,0,1,0,0,99999,0,1,1,1,1,AEbl,,1,
Efk1,Data,AbilityData,-1,4,1,data,WESTRING_AEVAL_EFK1,x0a001,unreal,,,0,1,0,0,99999,0,1,1,1,1,"AEfk,Aroc",,1,
Efk2,Data,AbilityData,-1,4,2,data,WESTRING_AEVAL_EFK2,x0a002,unreal,,,0,1,0,0,99999,0,1,1,1,1,"AEfk,Aroc",,1,
Efk3,Data,AbilityData,-1,4,3,data,WESTRING_AEVAL_EFK3,x0a003,int,,,0,1,0,0,100,0,1,1,1,1,"AEfk,Aroc",,1,
Efk4,Data,AbilityData,-1,4,4,data,WESTRING_AEVAL_EFK4,x0a004,unreal,,,0,1,0,0,99999,0,1,1,1,1,AEfk,,1,
Esh1,Data,AbilityData,-1,4,1,data,WESTRING_AEVAL_ESH1,x0a001,unreal,,,0,1,0,0,99999,0,1,1,1,1,"AEsh,ACss",,1,
Esh2,Data,AbilityData,-1,4,2,data,WESTRING_AEVAL_ESH2,x0a002,unreal,,,0,1,0,0,99999,0,1,1,1,1,"AEsh,ACss",,1,
Esh3,Data,AbilityData,-1,4,3,data,WESTRING_AEVAL_ESH3,x0a003,unreal,,,0,1,0,0,99999,0,1,1,1,1,"AEsh,ACss",,1,
Esh4,Data,AbilityData,-1,4,4,data,WESTRING_AEVAL_ESH4,x0a004,unreal,,,0,1,0,0,99999,0,1,1,1,1,"AEsh,ACss",,1,
Esh5,Data,AbilityData,-1,4,5,data,WESTRING_AEVAL_ESH5,x0a005,unreal,,,0,1,0,0,99999,0,1,1,1,1,"AEsh,ACss",,1,
Esv1,Data,AbilityData,-1,4,1,data,WESTRING_AEVAL_ESV1,x0a001,int,,,0,1,0,0,100,0,1,1,1,1,AEsv,,1,
Esvu,UnitID,AbilityData,-1,4,0,data,WESTRING_AEVAL_ESVU,x0a00u,unitCode,,,0,1,0,,,0,1,1,1,1,AEsv,,1,
abs1,Data,AbilityData,-1,4,1,data,WESTRING_AEVAL_ABS1,x0a001,unreal,,,0,1,0,0,99999,0,1,1,1,1,Aabs,,1,
abs2,Data,AbilityData,-1,4,2,data,WESTRING_AEVAL_ABS2,x0a002,unreal,,,0,1,0,0,99999,0,1,1,1,1,Aabs,,1,
bsk1,Data,AbilityData,-1,4,1,data,WESTRING_AEVAL_BSK1,x0a001,unreal,,,0,1,0,0,99999,0,1,1,1,1,Absk,,1,
bsk2,Data,AbilityData,-1,4,2,data,WESTRING_AEVAL_BSK2,x0a002,unreal,,,0,1,0,0,99999,0,1,1,1,1,Absk,,1,
bsk3,Data,AbilityData,-1,4,3,data,WESTRING_AEVAL_BSK3,x0a003,unreal,,,0,1,0,0,99999,0,1,1,1,1,Absk,,1,
coau,UnitID,AbilityData,-1,4,0,data,WESTRING_AEVAL_COAU,x0a00u,unitCode,,,0,1,0,,,0,1,1,1,1,"Acoa,Acoh,Aco2,Aco3",,1,
coa1,Data,AbilityData,-1,4,1,data,WESTRING_AEVAL_COA1,x0a001,unitCode,,,0,1,0,,,0,1,1,1,1,"Acoa,Acoh,Aco2,Aco3",,1,
coa2,Data,AbilityData,-1,4,2,data,WESTRING_AEVAL_COA2,x0a002,bool,,,0,1,0,,,0,1,1,1,1,"Aco2,Aco3",,1,
cyc1,Data,AbilityData,-1,4,1,data,WESTRING_AEVAL_CYC1,x0a001,bool,,,0,1,0,,,0,1,1,1,1,"Acyc,ACcy,SCc1,AIcy",,1,
dcp1,Data,AbilityData,-1,4,1,data,WESTRING_AEVAL_DCP1,x0a001,unitCode,,,0,1,0,,,0,1,1,1,1,Adec,,1,
dcp2,Data,AbilityData,-1,4,2,data,WESTRING_AEVAL_DCP2,x0a002,unitCode,,,0,1,0,,,0,1,1,1,1,Adec,,1,
dvm1,Data,AbilityData,-1,4,1,data,WESTRING_AEVAL_DVM1,x0a001,unreal,,,0,1,0,0,99999,0,1,1,1,1,Advm,,1,
dvm2,Data,AbilityData,-1,4,2,data,WESTRING_AEVAL_DVM2,x0a002,unreal,,,0,1,0,0,99999,0,1,1,1,1,Advm,,1,
dvm3,Data,AbilityData,-1,4,3,data,WESTRING_AEVAL_DVM3,x0a003,unreal,,,0,1,0,0,99999,0,1,1,1,1,Advm,,1,
dvm4,Data,AbilityData,-1,4,4,data,WESTRING_AEVAL_DVM4,x0a004,unreal,,,0,1,0,0,99999,0,1,1,1,1,Advm,,1,
dvm5,Data,AbilityData,-1,4,5,data,WESTRING_AEVAL_DVM5,x0a005,unreal,,,0,1,0,0,99999,0,1,1,1,1,Advm,,1,
dvm6,Data,AbilityData,-1,4,6,data,WESTRING_AEVAL_DVM6,x0a006,bool,,,0,1,0,0,99999,0,1,1,1,1,"Advm,ACde",,1,
exh1,Data,AbilityData,-1,4,1,data,WESTRING_AEVAL_EXH1,x0a001,int,,,0,1,0,0,999,0,1,1,1,1,Aexh,,1,
exhu,UnitID,AbilityData,-1,4,0,data,WESTRING_AEVAL_EXHU,x0a00u,unitCode,,,0,1,0,,,0,1,1,1,1,Aexh,,1,
fak1,Data,AbilityData,-1,4,1,data,WESTRING_AEVAL_FAK1,x0a001,unreal,,,0,1,0,0,99999,0,1,1,1,1,Afak,,1,
fak2,Data,AbilityData,-1,4,2,data,WESTRING_AEVAL_FAK2,x0a002,unreal,,,0,1,0,0,99999,0,1,1,1,1,Afak,,1,
fak3,Data,AbilityData,-1,4,3,data,WESTRING_AEVAL_FAK3,x0a003,unreal,,,0,1,0,0,99999,0,1,1,1,1,Afak,,1,
fak4,Data,AbilityData,-1,4,4,data,WESTRING_AEVAL_FAK4,x0a004,unreal,,,0,1,0,0,99999,0,1,1,1,1,Afak,,1,
fak5,Data,AbilityData,-1,4,5,data,WESTRING_AEVAL_FAK5,x0a005,unreal,,,0,1,0,0,99999,0,1,1,1,1,Afak,,1,
hwdu,UnitID,AbilityData,-1,4,0,data,WESTRING_AEVAL_HWDU,x0a00u,unitCode,,,0,1,0,,,0,1,1,1,1,"Ahwd,AChw,Apts,Aeye,AIhw,AIsw",,1,
inv1,Data,AbilityData,-1,4,1,data,WESTRING_AEVAL_INV1,x0a001,int,,,0,1,0,1,6,0,1,1,1,1,"AInv,Apak,Aiun",,1,
inv2,Data,AbilityData,-1,4,2,data,WESTRING_AEVAL_INV2,x0a002,bool,,,0,1,0,,,0,1,1,1,1,"AInv,Apak,Aiun",,1,
inv3,Data,AbilityData,-1,4,3,data,WESTRING_AEVAL_INV3,x0a003,bool,,,0,1,0,,,0,1,1,1,1,"AInv,Apak,Aiun",,1,
inv4,Data,AbilityData,-1,4,4,data,WESTRING_AEVAL_INV4,x0a004,bool,,,0,1,0,,,0,1,1,1,1,"AInv,Apak,Aiun",,1,
inv5,Data,AbilityData,-1,4,5,data,WESTRING_AEVAL_INV5,x0a005,bool,,,0,1,0,,,0,1,1,1,1,"AInv,Apak,Aiun",,1,
liq1,Data,AbilityData,-1,4,1,data,WESTRING_AEVAL_LIQ1,x0a001,unreal,,,0,1,0,0,99999,0,1,1,1,1,Aliq,,1,
liq2,Data,AbilityData,-1,4,2,data,WESTRING_AEVAL_LIQ2,x0a002,unreal,,,0,1,0,0,100,0,1,1,1,1,Aliq,,1,
liq3,Data,AbilityData,-1,4,3,data,WESTRING_AEVAL_LIQ3,x0a003,unreal,,,0,1,0,0,100,0,1,1,1,1,Aliq,,1,
liq4,Data,AbilityData,-1,4,4,data,WESTRING_AEVAL_LIQ4,x0a004,bool,,,0,1,0,,,0,1,1,1,1,Aliq,,1,
mim1,Data,AbilityData,-1,4,1,data,WESTRING_AEVAL_MIM1,x0a001,unreal,,,0,1,0,0,100,0,1,1,1,1,"Amim,AImx,ACmi,ACm2,ACm3",,1,
mfl1,Data,AbilityData,-1,4,1,data,WESTRING_AEVAL_MFL1,x0a001,unreal,,,0,1,0,0,99999,0,1,1,1,1,Amfl,,1,
mfl2,Data,AbilityData,-1,4,2,data,WESTRING_AEVAL_MFL2,x0a002,unreal,,,0,1,0,0,99999,0,1,1,1,1,Amfl,,1,
mfl3,Data,AbilityData,-1,4,3,data,WESTRING_AEVAL_MFL3,x0a003,unreal,,,0,1,0,0,99999,0,1,1,1,1,Amfl,,1,
mfl4,Data,AbilityData,-1,4,4,data,WESTRING_AEVAL_MFL4,x0a004,unreal,,,0,1,0,0,99999,0,1,1,1,1,Amfl,,1,
mfl5,Data,AbilityData,-1,4,5,data,WESTRING_AEVAL_MFL5,x0a005,unreal,,,0,1,0,0,99999,0,1,1,1,1,Amfl,,1,
mfl6,Data,AbilityData,-1,4,6,data,WESTRING_AEVAL_MFL6,x0a006,bool,,,0,1,0,0,1,0,1,1,1,1,Amfl,,1,
tpi1,Data,AbilityData,-1,4,1,data,WESTRING_AEVAL_TPI1,x0a001,unitCode,,,0,1,0,,,0,1,1,1,1,"Stpm,Stpr",,1,
tpi2,Data,AbilityData,-1,4,2,data,WESTRING_AEVAL_TPI2,x0a002,unitCode,,,0,1,0,,,0,1,1,1,1,"Stpm,Stpr",,1,
spl1,Data,AbilityData,-1,4,1,data,WESTRING_AEVAL_SPL1,x0a001,unreal,,,0,1,0,0,100,0,1,1,1,1,"Aspl,Aspp",,1,
spl2,Data,AbilityData,-1,4,2,data,WESTRING_AEVAL_SPL2,x0a002,int,,,0,1,0,1,100,0,1,1,1,1,Aspl,,1,
irl1,Data,AbilityData,-1,4,1,data,WESTRING_AEVAL_IRL1,x0a001,unreal,,,0,1,0,0,99999,0,1,1,1,1,"AIrl,AIpr,AIsl,AIpl,AIp1,AIp2,AIp3,AIp4,AIp5,AIp6",,1,
irl2,Data,AbilityData,-1,4,2,data,WESTRING_AEVAL_IRL2,x0a002,unreal,,,0,1,0,0,99999,0,1,1,1,1,"AIrl,AIpr,AIsl,AIpl,AIp1,AIp2,AIp3,AIp4,AIp5,AIp6",,1,
irl3,Data,AbilityData,-1,4,3,data,WESTRING_AEVAL_IRL3,x0a003,fullFlags,,,0,1,0,,,0,1,1,1,1,"AIrl,AIpr,AIsl,AIpl,AIp1,AIp2,AIp3,AIp4,AIp5,AIp6",,1,
irl4,Data,AbilityData,-1,4,4,data,WESTRING_AEVAL_IRL4,x0a004,bool,,,0,1,0,,,0,1,1,1,1,"AIrl,AIpr,AIsl,AIpl,AIp1,AIp2,AIp3,AIp4,AIp5,AIp6",,1,
irl5,Data,AbilityData,-1,4,5,data,WESTRING_AEVAL_IRL5,x0a005,bool,,,0,1,0,,,0,1,1,1,1,"AIrl,AIpr,AIsl,AIpl,AIp1,AIp2,AIp3,AIp4,AIp5,AIp6",,1,
idc1,Data,AbilityData,-1,4,1,data,WESTRING_AEVAL_IDC1,x0a001,unreal,,,0,1,0,0,99999,0,1,1,1,1,AIdc,,1,
idc2,Data,AbilityData,-1,4,2,data,WESTRING_AEVAL_IDC2,x0a002,unreal,,,0,1,0,0,99999,0,1,1,1,1,AIdc,,1,
idc3,Data,AbilityData,-1,4,3,data,WESTRING_AEVAL_IDC3,x0a003,int,,,0,1,0,0,100,0,1,1,1,1,AIdc,,1,
imo1,Data,AbilityData,-1,4,1,data,WESTRING_AEVAL_IMO1,x0a001,int,,,0,1,0,0,100,0,1,1,1,1,AImo,,1,
imo2,Data,AbilityData,-1,4,2,data,WESTRING_AEVAL_IMO2,x0a002,unreal,,,0,1,0,0,9999,0,1,1,1,1,AImo,,1,
imo3,Data,AbilityData,-1,4,3,data,WESTRING_AEVAL_IMO3,x0a003,unreal,,,0,1,0,0,9999,0,1,1,1,1,AImo,,1,
imou,UnitID,AbilityData,-1,4,0,data,WESTRING_AEVAL_IMOU,x0a00u,unitCode,,,0,1,0,,,0,1,1,1,1,AImo,,1,
ict1,Data,AbilityData,-1,4,1,data,WESTRING_AEVAL_ICT1,x0a001,int,,,0,1,0,0,100,0,1,1,1,1,AIct,,1,
ict2,Data,AbilityData,-1,4,2,data,WESTRING_AEVAL_ICT2,x0a001,int,,,0,1,0,0,60,0,1,1,1,1,AIct,,1,
isr1,Data,AbilityData,-1,4,1,data,WESTRING_AEVAL_ISR1,x0a001,unreal,,,0,1,0,0,99999,0,1,1,1,1,AIsr,,1,
isr2,Data,AbilityData,-1,4,2,data,WESTRING_AEVAL_ISR2,x0a002,unreal,,,0,1,0,0,99999,0,1,1,1,1,AIsr,,1,
ipv1,Data,AbilityData,-1,4,1,data,WESTRING_AEVAL_IPV1,x0a001,unreal,,,0,1,0,0,99999,0,1,1,1,1,AIpv,,1,
ipv2,Data,AbilityData,-1,4,2,data,WESTRING_AEVAL_IPV2,x0a002,unreal,,,0,1,0,0,99999,0,1,1,1,1,AIpv,,1,
ipv3,Data,AbilityData,-1,4,3,data,WESTRING_AEVAL_IPV3,x0a003,bool,,,0,1,0,,,0,1,1,1,1,AIpv,,1,
mec1,Data,AbilityData,-1,4,1,data,WESTRING_AEVAL_MEC1,x0a001,int,,,0,1,0,0,100,0,1,1,1,1,Amec,,1,
spb1,Data,AbilityData,-1,4,1,data,WESTRING_AEVAL_SPB1,x0a001,abilityList,,,0,1,0,,,0,1,1,1,1,Aspb,,1,
spb2,Data,AbilityData,-1,4,2,data,WESTRING_AEVAL_SPB2,x0a002,bool,,,0,1,0,,,0,1,1,1,1,Aspb,,1,
spb3,Data,AbilityData,-1,4,3,data,WESTRING_AEVAL_SPB3,x0a003,int,,,0,1,0,0,12,0,1,1,1,1,Aspb,,1,
spb4,Data,AbilityData,-1,4,4,data,WESTRING_AEVAL_SPB4,x0a004,int,,,0,1,0,0,12,0,1,1,1,1,Aspb,,1,
spb5,Data,AbilityData,-1,4,5,data,WESTRING_AEVAL_SPB5,x0a005,orderString,,,0,1,1,,32,0,1,1,1,1,Aspb,,1,
ast1,Data,AbilityData,-1,4,1,data,WESTRING_AEVAL_AST1,x0a001,unreal,,,0,1,0,0,99999,0,1,1,1,1,Aast,,1,
ast2,Data,AbilityData,-1,4,2,data,WESTRING_AEVAL_AST2,x0a002,unreal,,,0,1,0,0,99999,0,1,1,1,1,Aast,,1,
gra1,Data,AbilityData,-1,4,1,data,WESTRING_AEVAL_GRA1,x0a001,unreal,,,0,1,0,0,99999,0,1,1,1,1,Agra,,1,
gra2,Data,AbilityData,-1,4,2,data,WESTRING_AEVAL_GRA2,x0a002,unreal,,,0,1,0,0,99999,0,1,1,1,1,Agra,,1,
gra3,Data,AbilityData,-1,4,3,data,WESTRING_AEVAL_GRA3,x0a003,int,,,0,1,0,-1,1,0,1,1,1,1,Agra,,1,
gra4,Data,AbilityData,-1,4,4,data,WESTRING_AEVAL_GRA4,x0a004,int,,,0,1,0,0,1,0,1,1,1,1,Agra,,1,
gra5,Data,AbilityData,-1,4,5,data,WESTRING_AEVAL_GRA5,x0a005,int,,,0,1,0,0,100,0,1,1,1,1,Agra,,1,
ipmu,UnitID,AbilityData,-1,4,0,data,WESTRING_AEVAL_IPMU,x0a00u,unitCode,,,0,1,0,,,0,1,1,1,1,"AIpm,ANpa",,1,
Npr1,Data,AbilityData,-1,4,1,data,WESTRING_AEVAL_NPR1,x0a001,pickFlags,,,0,1,0,,,0,1,1,1,1,ANpr,,1,
Nsa1,Data,AbilityData,-1,4,1,data,WESTRING_AEVAL_NSA1,x0a001,pickFlags,,,0,1,0,,,0,1,1,1,1,ANsa,,1,
Nsa2,Data,AbilityData,-1,4,2,data,WESTRING_AEVAL_NSA2,x0a002,unreal,,,0,1,0,0,99999,0,1,1,1,1,ANsa,,1,
Nsa3,Data,AbilityData,-1,4,3,data,WESTRING_AEVAL_NSA3,x0a003,unreal,,,0,1,0,0,99999,0,1,1,1,1,ANsa,,1,
Nsa4,Data,AbilityData,-1,4,4,data,WESTRING_AEVAL_NSA4,x0a004,unreal,,,0,1,0,0,99999,0,1,1,1,1,ANsa,,1,
Nsa5,Data,AbilityData,-1,4,5,data,WESTRING_AEVAL_NSA5,x0a005,unreal,,,0,1,0,0,99999,0,1,1,1,1,ANsa,,1,
Iaa1,Data,AbilityData,-1,4,1,data,WESTRING_AEVAL_IAA1,x0a001,int,,,0,1,0,0,100,0,1,1,1,1,AIaa,,1,
Ixs1,Data,AbilityData,-1,4,1,data,WESTRING_AEVAL_IXS1,x0a001,unreal,,,0,1,0,0,99999,0,1,1,1,1,AIxs,,1,
Ixs2,Data,AbilityData,-1,4,2,data,WESTRING_AEVAL_IXS2,x0a002,unreal,,,0,1,0,0,99999,0,1,1,1,1,AIxs,,1,
Nef1,Data,AbilityData,-1,4,1,data,WESTRING_AEVAL_NEF1,x0a001,unitList,,,0,1,0,,,0,1,1,1,1,ANef,,1,
Npa5,Data,AbilityData,-1,4,5,data,WESTRING_AEVAL_NPA5,x0a005,int,,,0,1,0,1,99999,0,1,1,1,1,ANpa,,1,
Npa6,Cast,AbilityData,-1,4,0,data,WESTRING_AEVAL_NPA6,x0a006,unreal,,,0,1,0,0,99999,0,1,1,1,1,ANpa,,1,
Igl1,Data,AbilityData,-1,4,1,data,WESTRING_AEVAL_IGL1,x0a001,int,,,0,1,0,1,100,0,1,1,1,1,"AIgf,AIgu",,1,
Iglu,UnitID,AbilityData,-1,4,0,data,WESTRING_AEVAL_IGLU,x0a00u,upgradeCode,,,0,0,0,,,0,1,1,1,1,"AIgf,AIgu",,1,
Nse1,Data,AbilityData,-1,4,1,data,WESTRING_AEVAL_NSE1,x0a001,unreal,,,0,1,0,"0,001",300,0,1,1,1,1,ANse,,1,
Ndo1,Data,AbilityData,-1,4,1,data,WESTRING_AEVAL_NDO1,x0a001,unreal,,,0,1,0,0,99999,0,1,1,1,1,ANdo,,1,
Ndo2,Data,AbilityData,-1,4,2,data,WESTRING_AEVAL_NDO2,x0a002,int,,,0,1,0,0,100,0,1,1,1,1,ANdo,,1,
Ndo3,Data,AbilityData,-1,4,3,data,WESTRING_AEVAL_NDO3,x0a003,unreal,,,0,1,0,0,99999,0,1,1,1,1,ANdo,,1,
Ndou,UnitID,AbilityData,-1,4,0,data,WESTRING_AEVAL_NDOU,x0a00u,unitCode,,,0,1,0,,,0,1,1,1,1,ANdo,,1,
flk1,Data,AbilityData,-1,4,1,data,WESTRING_AEVAL_FLK1,x0a001,unreal,,,0,1,0,0,99999,0,1,1,1,1,"Aflk,Afsh",,1,
flk2,Data,AbilityData,-1,4,2,data,WESTRING_AEVAL_FLK2,x0a002,unreal,,,0,1,0,0,99999,0,1,1,1,1,"Aflk,Afsh",,1,
flk3,Data,AbilityData,-1,4,3,data,WESTRING_AEVAL_FLK3,x0a003,unreal,,,0,1,0,0,99999,0,1,1,1,1,"Aflk,Afsh",,1,
flk4,Data,AbilityData,-1,4,4,data,WESTRING_AEVAL_FLK4,x0a004,unreal,,,0,1,0,0,99999,0,1,1,1,1,"Aflk,Afsh",,1,
flk5,Data,AbilityData,-1,4,5,data,WESTRING_AEVAL_FLK5,x0a005,unreal,,,0,1,0,0,99999,0,1,1,1,1,"Aflk,Afsh",,1,
Hbn1,Data,AbilityData,-1,4,1,data,WESTRING_AEVAL_HBN1,x0a001,unreal,,,0,1,0,0,10,0,1,1,1,1,"AHbn,Apsh",,1,
Hbn2,Data,AbilityData,-1,4,2,data,WESTRING_AEVAL_HBN2,x0a002,unreal,,,0,1,0,0,10,0,1,1,1,1,"AHbn,Apsh",,1,
fbk1,Data,AbilityData,-1,4,1,data,WESTRING_AEVAL_FBK1,x0a000,unreal,,,0,1,0,0,99999,0,1,1,1,1,Afbk,,1,
fbk2,Data,AbilityData,-1,4,2,data,WESTRING_AEVAL_FBK2,x0a002,unreal,,,0,1,0,0,10,0,1,1,1,1,Afbk,,1,
fbk3,Data,AbilityData,-1,4,3,data,WESTRING_AEVAL_FBK3,x0a003,unreal,,,0,1,0,0,99999,0,1,1,1,1,Afbk,,1,
fbk4,Data,AbilityData,-1,4,4,data,WESTRING_AEVAL_FBK4,x0a004,unreal,,,0,1,0,0,10,0,1,1,1,1,Afbk,,1,
fbk5,Data,AbilityData,-1,4,5,data,WESTRING_AEVAL_FBK5,x0a005,unreal,,,0,1,0,0,10,0,1,1,1,1,"Afbk,Afbt,Afbb",,1,
nca1,Data,AbilityData,-1,4,1,data,WESTRING_AEVAL_NCA1,x0a001,unreal,,,0,1,0,0,10,0,1,1,1,1,ANca,,1,
pxf1,Data,AbilityData,-1,4,1,data,WESTRING_AEVAL_PXF1,x0a001,unreal,,,0,1,0,0,99999,0,1,1,1,1,Apxf,,1,
pxf2,Data,AbilityData,-1,4,2,data,WESTRING_AEVAL_PXF2,x0a002,unreal,,,0,1,0,0,99999,0,1,1,1,1,Apxf,,1,
mls1,Data,AbilityData,-1,4,1,data,WESTRING_AEVAL_MLS1,x0a001,unreal,,,0,1,0,0,99999,0,1,1,1,1,Amls,,1,
sla1,Data,AbilityData,-1,4,1,data,WESTRING_AEVAL_SLA1,x0a001,bool,,,0,0,0,0,1,0,1,1,1,1,Asla,,1,
Nst1,Data,AbilityData,-1,4,1,data,WESTRING_AEVAL_NST1,x0a001,int,,,0,0,0,0,32,0,1,1,1,1,ANst,,1,
Nst2,Data,AbilityData,-1,4,2,data,WESTRING_AEVAL_NST2,x0a002,unreal,,,0,0,0,0,1024,0,1,1,1,1,ANst,,1,
Nst3,Data,AbilityData,-1,4,3,data,WESTRING_AEVAL_NST3,x0a003,unreal,,,0,0,0,0,99999,0,1,1,1,1,ANst,,1,
Nst4,Data,AbilityData,-1,4,4,data,WESTRING_AEVAL_NST4,x0a004,unreal,,,0,0,0,0,99999,0,1,1,1,1,ANst,,1,
Nst5,Data,AbilityData,-1,4,5,data,WESTRING_AEVAL_NST5,x0a005,unreal,,,0,0,0,0,99999,0,1,1,1,1,ANst,,1,
sla2,Data,AbilityData,-1,4,2,data,WESTRING_AEVAL_SLA2,x0a001,bool,,,0,0,0,0,1,0,1,1,1,1,Asla,,1,
Ncl1,Data,AbilityData,-1,4,1,data,WESTRING_AEVAL_NCL1,x0a001,unreal,,,0,0,0,0,99999,0,1,1,1,1,ANcl,,1,
Ncl2,Data,AbilityData,-1,4,2,data,WESTRING_AEVAL_NCL2,x0a002,channelType,,,0,0,0,,,0,1,1,1,1,ANcl,,1,
Ncl3,Data,AbilityData,-1,4,3,data,WESTRING_AEVAL_NCL3,x0a003,channelFlags,,,0,0,0,,,0,1,1,1,1,ANcl,,1,
Ncl4,Data,AbilityData,-1,4,4,data,WESTRING_AEVAL_NCL4,x0a004,unreal,,,0,0,0,0,99999,0,1,1,1,1,ANcl,,1,
Ncl5,Data,AbilityData,-1,4,5,data,WESTRING_AEVAL_NCL5,x0a005,bool,,,0,0,0,,,0,1,1,1,1,ANcl,,1,
Ncl6,Data,AbilityData,-1,4,6,data,WESTRING_AEVAL_NCL6,x0a006,orderString,,,0,1,1,,32,0,1,1,1,1,ANcl,,1,
Nab1,Data,AbilityData,-1,4,1,data,WESTRING_AEVAL_NAB1,x0a001,unreal,,,0,1,0,0,10,0,1,1,1,1,ANab,,1,
Nab2,Data,AbilityData,-1,4,2,data,WESTRING_AEVAL_NAB2,x0a002,unreal,,,0,1,0,0,10,0,1,1,1,1,ANab,,1,
Nab3,Data,AbilityData,-1,4,3,data,WESTRING_AEVAL_NAB3,x0a003,int,,,0,1,0,0,99999,0,1,1,1,1,ANab,,1,
Nab4,Data,AbilityData,-1,4,4,data,WESTRING_AEVAL_NAB4,x0a004,unreal,,,0,0,0,0,99999,0,1,1,1,1,ANab,,1,
Nab5,Data,AbilityData,-1,4,5,data,WESTRING_AEVAL_NAB5,x0a005,unreal,,,0,0,0,0,99999,0,1,1,1,1,ANab,,1,
Nab6,Data,AbilityData,-1,4,6,data,WESTRING_AEVAL_NAB6,x0a006,unreal,,,0,1,0,"0,001",300,0,1,1,1,1,ANab,,1,
Nhs6,Data,AbilityData,-1,4,6,data,WESTRING_AEVAL_NHS6,x0a006,int,,,0,0,0,0,100,0,1,1,1,1,ANhs,,1,
Ntm1,Data,AbilityData,-1,4,1,data,WESTRING_AEVAL_NTM1,x0a001,unreal,,,0,1,0,0,1000,0,1,1,1,1,ANtm,,1,
Ntm2,Data,AbilityData,-1,4,2,data,WESTRING_AEVAL_NTM2,x0a002,unreal,,,0,1,0,0,1000,0,1,1,1,1,ANtm,,1,
Ntm3,Data,AbilityData,-1,4,3,data,WESTRING_AEVAL_NTM3,x0a003,int,,,0,0,0,0,100,0,1,1,1,1,ANtm,,1,
Ntm4,Data,AbilityData,-1,4,4,data,WESTRING_AEVAL_NTM4,x0a004,bool,,,0,0,0,0,1,0,1,1,1,1,ANtm,,1,
Neg1,Data,AbilityData,-1,4,1,data,WESTRING_AEVAL_NEG1,x0a001,unreal,,,0,0,0,0,10,0,1,1,1,1,ANeg,,1,
Neg2,Data,AbilityData,-1,4,2,data,WESTRING_AEVAL_NEG2,x0a002,unreal,,,0,0,0,0,1000,0,1,1,1,1,ANeg,,1,
Neg3,Data,AbilityData,-1,4,3,data,WESTRING_AEVAL_NEG3,x0a003,heroAbilityList,,,0,1,0,,2,0,1,1,1,1,ANeg,,1,
Neg4,Data,AbilityData,-1,4,4,data,WESTRING_AEVAL_NEG4,x0a004,heroAbilityList,,,0,1,0,,2,0,1,1,1,1,ANeg,,1,
Neg5,Data,AbilityData,-1,4,5,data,WESTRING_AEVAL_NEG5,x0a005,heroAbilityList,,,0,1,0,,2,0,1,1,1,1,ANeg,,1,
Neg6,Data,AbilityData,-1,4,6,data,WESTRING_AEVAL_NEG6,x0a006,heroAbilityList,,,0,1,0,,2,0,1,1,1,1,ANeg,,1,
Ncs1,Data,AbilityData,-1,4,1,data,WESTRING_AEVAL_NCS1,x0a001,unreal,,,0,0,0,0,99999,0,1,1,1,1,"ANhs,ANcs,ANc1,ANc2,ANc3",,1,
Ncs2,Data,AbilityData,-1,4,2,data,WESTRING_AEVAL_NCS2,x0a002,unreal,,,0,0,0,"0,001",300,0,1,1,1,1,"ANhs,ANcs,ANc1,ANc2,ANc3",,1,
Ncs3,Data,AbilityData,-1,4,3,data,WESTRING_AEVAL_NCS3,x0a003,int,,,0,0,0,0,100,0,1,1,1,1,"ANhs,ANcs,ANc1,ANc2,ANc3",,1,
Ncs4,Data,AbilityData,-1,4,4,data,WESTRING_AEVAL_NCS4,x0a004,unreal,,,0,0,0,0,99999,0,1,1,1,1,"ANhs,ANcs,ANc1,ANc2,ANc3",,1,
Ncs5,Data,AbilityData,-1,4,5,data,WESTRING_AEVAL_NCS5,x0a005,unreal,,,0,0,0,0,10,0,1,1,1,1,"ANhs,ANcs,ANc1,ANc2,ANc3",,1,
Ncs6,Data,AbilityData,-1,4,6,data,WESTRING_AEVAL_NCS6,x0a006,unreal,,,0,0,0,"0,001",300,0,1,1,1,1,"ANcs,ANc1,ANc2,ANc3",,1,
Nsy1,Data,AbilityData,-1,4,1,data,WESTRING_AEVAL_NSY1,x0a001,unreal,,,0,1,0,"0,001",300,0,1,1,1,1,"ANsy,ANs1,ANs2,ANs3",,1,
Nsy2,Data,AbilityData,-1,4,2,data,WESTRING_AEVAL_NSY2,x0a002,unitCode,,,0,1,0,,,0,1,1,1,1,"ANsy,ANs1,ANs2,ANs3",,1,
Nsy3,Data,AbilityData,-1,4,3,data,WESTRING_AEVAL_NSY3,x0a003,unreal,,,0,1,0,"0,001",300,0,1,1,1,1,"ANsy,ANs1,ANs2,ANs3",,1,
Nsy4,Data,AbilityData,-1,4,4,data,WESTRING_AEVAL_NSY4,x0a004,unreal,,,0,1,0,0,99999,0,1,1,1,1,"ANsy,ANs1,ANs2,ANs3",,1,
Nsy5,Data,AbilityData,-1,4,5,data,WESTRING_AEVAL_NSY5,x0a005,unreal,,,0,1,0,0,99999,0,1,1,1,1,"ANsy,ANs1,ANs2,ANs3",,1,
Nsyu,UnitID,AbilityData,-1,4,0,data,WESTRING_AEVAL_NSYU,x0a00u,unitCode,,,0,1,0,,,0,1,1,1,1,"ANsy,ANs1,ANs2,ANs3",,1,
Nfy1,Data,AbilityData,-1,4,1,data,WESTRING_AEVAL_NFY1,x0a001,unreal,,,0,1,0,"0,001",300,0,1,1,1,1,ANfy,,1,
Nfy2,Data,AbilityData,-1,4,2,data,WESTRING_AEVAL_NFY2,x0a002,unreal,,,0,1,0,0,99999,0,1,1,1,1,ANfy,,1,
Nfyu,UnitID,AbilityData,-1,4,0,data,WESTRING_AEVAL_NFYU,x0a00u,unitCode,,,0,1,0,,,0,1,1,1,1,ANfy,,1,
Nde1,Data,AbilityData,-1,4,1,data,WESTRING_AEVAL_NDE1,x0a001,unreal,,,0,1,0,0,1000,0,1,1,1,1,"ANde,ANd1,ANd2,ANd3",,1,
Nde2,Data,AbilityData,-1,4,2,data,WESTRING_AEVAL_NDE2,x0a002,unreal,,,0,1,0,0,1000,0,1,1,1,1,"ANde,ANd1,ANd2,ANd3",,1,
Nde3,Data,AbilityData,-1,4,3,data,WESTRING_AEVAL_NDE3,x0a003,unreal,,,0,1,0,0,1000,0,1,1,1,1,"ANde,ANd1,ANd2,ANd3",,1,
Nde4,Data,AbilityData,-1,4,4,data,WESTRING_AEVAL_NDE4,x0a004,unreal,,,0,1,0,0,1000,0,1,1,1,1,"ANde,ANd1,ANd2,ANd3",,1,
Nic1,Data,AbilityData,-1,4,1,data,WESTRING_AEVAL_NIC1,x0a001,unreal,,,0,1,0,0,1000,0,1,1,1,1,ANic,,1,
Nic2,Data,AbilityData,-1,4,2,data,WESTRING_AEVAL_NIC2,x0a002,unreal,,,0,1,0,0,99999,0,1,1,1,1,ANic,,1,
Nic3,Data,AbilityData,-1,4,3,data,WESTRING_AEVAL_NIC3,x0a003,unreal,,,0,1,0,0,1000,0,1,1,1,1,ANic,,1,
Nic4,Data,AbilityData,-1,4,4,data,WESTRING_AEVAL_NIC4,x0a004,unreal,,,0,1,0,0,99999,0,1,1,1,1,ANic,,1,
Nic5,Data,AbilityData,-1,4,5,data,WESTRING_AEVAL_NIC5,x0a005,unreal,,,0,1,0,0,1000,0,1,1,1,1,ANic,,1,
Nic6,Data,AbilityData,-1,4,6,data,WESTRING_AEVAL_NIC6,x0a006,unreal,,,0,1,0,"0,001",300,0,1,1,1,1,ANic,,1,
Nso1,Data,AbilityData,-1,4,1,data,WESTRING_AEVAL_NSO1,x0a001,unreal,,,0,1,0,0,99999,0,1,1,1,1,ANso,,1,
Nso2,Data,AbilityData,-1,4,2,data,WESTRING_AEVAL_NSO2,x0a002,unreal,,,0,1,0,"0,001",300,0,1,1,1,1,ANso,,1,
Nso3,Data,AbilityData,-1,4,3,data,WESTRING_AEVAL_NSO3,x0a003,unreal,,,0,1,0,0,100,0,1,1,1,1,ANso,,1,
Nso4,Data,AbilityData,-1,4,4,data,WESTRING_AEVAL_NSO4,x0a004,unreal,,,0,1,0,0,10,0,1,1,1,1,ANso,,1,
Nso5,Data,AbilityData,-1,4,5,data,WESTRING_AEVAL_NSO5,x0a005,unreal,,,0,1,0,0,10,0,1,1,1,1,ANso,,1,
Nlm2,Data,AbilityData,-1,4,2,data,WESTRING_AEVAL_NLM2,x0a002,unreal,,,0,1,0,"0,001",300,0,1,1,1,1,ANlm,,1,
Nlm3,Data,AbilityData,-1,4,3,data,WESTRING_AEVAL_NLM3,x0a003,int,,,0,0,0,0,99999,0,1,1,1,1,ANlm,,1,
Nlm4,Data,AbilityData,-1,4,4,data,WESTRING_AEVAL_NLM4,x0a004,unreal,,,0,1,0,0,100,0,1,1,1,1,ANlm,,1,
Nlm5,Data,AbilityData,-1,4,5,data,WESTRING_AEVAL_NLM5,x0a005,unreal,,,0,1,0,"0,001",300,0,1,1,1,1,ANlm,,1,
Nlm6,Data,AbilityData,-1,4,6,data,WESTRING_AEVAL_NLM6,x0a006,int,,,0,0,0,0,100,0,1,1,1,1,ANlm,,1,
Nvc1,Data,AbilityData,-1,4,1,data,WESTRING_AEVAL_NVC1,x0a001,int,,,0,0,0,0,10,0,1,1,1,1,ANvc,,,
Nvc2,Data,AbilityData,-1,4,2,data,WESTRING_AEVAL_NVC2,x0a002,int,,,0,0,0,0,100,0,1,1,1,1,ANvc,,,
Nvc3,Data,AbilityData,-1,4,3,data,WESTRING_AEVAL_NVC3,x0a003,unreal,,,0,1,0,"0,001",300,0,1,1,1,1,ANvc,,,
Nvc4,Data,AbilityData,-1,4,4,data,WESTRING_AEVAL_NVC4,x0a004,unreal,,,0,1,0,0,10,0,1,1,1,1,ANvc,,,
Nvc5,Data,AbilityData,-1,4,5,data,WESTRING_AEVAL_NVC5,x0a005,unreal,,,0,1,0,0,99999,0,1,1,1,1,ANvc,,,
Nvc6,Data,AbilityData,-1,4,6,data,WESTRING_AEVAL_NVC6,x0a006,unreal,,,0,1,0,0,10,0,1,1,1,1,ANvc,,,
Nvcu,UnitID,AbilityData,-1,4,0,data,WESTRING_AEVAL_NVCU,x0a00u,unitCode,,,0,1,0,,,0,1,1,1,1,ANvc,,1,
Tau1,Data,AbilityData,-1,4,1,data,WESTRING_AEVAL_TAU1,x0a001,int,,,0,0,0,0,1,0,1,1,1,1,"Atau,ANta",,1,
Tau2,Data,AbilityData,-1,4,2,data,WESTRING_AEVAL_TAU2,x0a002,int,,,0,0,0,0,1,0,1,1,1,1,"Atau,ANta",,1,
Tau3,Data,AbilityData,-1,4,3,data,WESTRING_AEVAL_TAU3,x0a003,int,,,0,0,0,0,100,0,1,1,1,1,"Atau,ANta",,1,
